2026.09.03 15:57:50 INFO  Started: Metals version 1.6.8 in folders '/home/bob_lenovo/riscv-isa-implementation' for client Visual Studio Code 1.135.0.[0m
2026.09.03 15:57:50 INFO  Memory monitor started[0m
2026.09.03 15:57:50 WARN  Using H2 2.4.240 which is newer than the version Flyway has been verified with. The latest verified version of H2 is 2.3.232.[0m
2026.09.03 15:57:50 INFO  no build target found for /home/bob_lenovo/riscv-isa-implementation/chisel/src/main/scala/alu.scala. Using presentation compiler with project's scala-library version: 3.3.8[0m
2026.09.03 15:58:02 INFO  no build target found for /home/bob_lenovo/riscv-isa-implementation/chisel/src/main/scala/alu.scala. Using presentation compiler with project's scala-library version: 3.3.8[0m
Sep 03, 2026 3:58:02 PM org.eclipse.lsp4j.jsonrpc.RemoteEndpoint handleCancellation
WARNING: Unmatched cancel notification for request id 2
Sep 03, 2026 3:58:02 PM org.eclipse.lsp4j.jsonrpc.RemoteEndpoint handleCancellation
WARNING: Unmatched cancel notification for request id 1
Sep 03, 2026 3:58:02 PM org.eclipse.lsp4j.jsonrpc.RemoteEndpoint handleCancellation
WARNING: Unmatched cancel notification for request id 6
Sep 03, 2026 3:58:02 PM org.eclipse.lsp4j.jsonrpc.RemoteEndpoint handleCancellation
WARNING: Unmatched cancel notification for request id 3
2026.09.03 15:58:02 INFO  no build target found for /home/bob_lenovo/riscv-isa-implementation/chisel/src/main/scala/alu.scala. Using presentation compiler with project's scala-library version: 3.3.8[0m
2026.09.03 15:58:02 WARN  no build target for: /home/bob_lenovo/riscv-isa-implementation/chisel/src/main/scala/alu.scala[0m
2026.09.03 15:58:02 INFO  no build target found for /home/bob_lenovo/riscv-isa-implementation/chisel/src/main/scala/alu.scala. Using presentation compiler with project's scala-library version: 3.3.8[0m
2026.09.03 15:58:02 INFO  no build target found for /home/bob_lenovo/riscv-isa-implementation/chisel/src/main/scala/alu.scala. Using presentation compiler with project's scala-library version: 3.3.8[0m
2026.09.03 15:58:02 INFO  no build target found for /home/bob_lenovo/riscv-isa-implementation/chisel/src/main/scala/alu.scala. Using presentation compiler with project's scala-library version: 3.3.8[0m
2026.09.03 15:58:02 INFO  no build target found for /home/bob_lenovo/riscv-isa-implementation/chisel/src/main/scala/alu.scala. Using presentation compiler with project's scala-library version: 3.3.8[0m
2026.09.03 15:58:02 WARN  Could not find semantic tokens for: file:///home/bob_lenovo/riscv-isa-implementation/chisel/src/main/scala/alu.scala[0m
2026.09.03 15:58:04 INFO  no build target found for /home/bob_lenovo/riscv-isa-implementation/chisel/src/main/scala/alu.scala. Using presentation compiler with project's scala-library version: 3.3.8[0m
2026.09.03 15:58:04 INFO  no build target found for /home/bob_lenovo/riscv-isa-implementation/chisel/src/main/scala/alu.scala. Using presentation compiler with project's scala-library version: 3.3.8[0m
2026.09.03 15:58:04 INFO  no build target found for /home/bob_lenovo/riscv-isa-implementation/chisel/src/main/scala/alu.scala. Using presentation compiler with project's scala-library version: 3.3.8[0m
2026.09.03 15:58:04 INFO  no build target found for /home/bob_lenovo/riscv-isa-implementation/chisel/src/main/scala/alu.scala. Using presentation compiler with project's scala-library version: 3.3.8[0m
2026.09.03 15:58:04 INFO  no build target found for /home/bob_lenovo/riscv-isa-implementation/chisel/src/main/scala/alu.scala. Using presentation compiler with project's scala-library version: 3.3.8[0m
2026.09.03 15:58:04 INFO  no build target found for /home/bob_lenovo/riscv-isa-implementation/chisel/src/main/scala/alu.scala. Using presentation compiler with project's scala-library version: 3.3.8[0m
2026.09.03 15:58:04 INFO  no build target found for /home/bob_lenovo/riscv-isa-implementation/chisel/src/main/scala/alu.scala. Using presentation compiler with project's scala-library version: 3.3.8[0m
2026.09.03 15:58:04 WARN  Could not find semantic tokens for: file:///home/bob_lenovo/riscv-isa-implementation/chisel/src/main/scala/alu.scala[0m
2026.09.03 15:58:05 WARN  no build target for: /home/bob_lenovo/riscv-isa-implementation/chisel/src/main/scala/alu.scala[0m
2026.09.03 15:58:05 INFO  no build target found for /home/bob_lenovo/riscv-isa-implementation/chisel/src/main/scala/alu.scala. Using presentation compiler with project's scala-library version: 3.3.8[0m
2026.09.03 15:58:05 INFO  no build target found for /home/bob_lenovo/riscv-isa-implementation/chisel/src/main/scala/alu.scala. Using presentation compiler with project's scala-library version: 3.3.8[0m
2026.09.03 15:58:05 WARN  Could not find semantic tokens for: file:///home/bob_lenovo/riscv-isa-implementation/chisel/src/main/scala/alu.scala[0m
2026.09.03 15:58:10 INFO  no build target found for /home/bob_lenovo/riscv-isa-implementation/chisel/src/main/scala/alu.scala. Using presentation compiler with project's scala-library version: 3.3.8[0m
2026.09.03 15:58:10 INFO  no build target found for /home/bob_lenovo/riscv-isa-implementation/chisel/src/main/scala/alu.scala. Using presentation compiler with project's scala-library version: 3.3.8[0m
2026.09.03 15:58:10 INFO  no build target found for /home/bob_lenovo/riscv-isa-implementation/chisel/src/main/scala/alu.scala. Using presentation compiler with project's scala-library version: 3.3.8[0m
2026.09.03 15:58:10 INFO  no build target found for /home/bob_lenovo/riscv-isa-implementation/chisel/src/main/scala/alu.scala. Using presentation compiler with project's scala-library version: 3.3.8[0m
2026.09.03 15:58:11 WARN  no build target for: /home/bob_lenovo/riscv-isa-implementation/chisel/src/main/scala/alu.scala[0m
2026.09.03 15:58:11 INFO  no build target found for /home/bob_lenovo/riscv-isa-implementation/chisel/src/main/scala/alu.scala. Using presentation compiler with project's scala-library version: 3.3.8[0m
2026.09.03 15:58:11 INFO  no build target found for /home/bob_lenovo/riscv-isa-implementation/chisel/src/main/scala/alu.scala. Using presentation compiler with project's scala-library version: 3.3.8[0m
2026.09.03 15:58:11 WARN  Could not find semantic tokens for: file:///home/bob_lenovo/riscv-isa-implementation/chisel/src/main/scala/alu.scala[0m
2026.09.03 15:58:12 INFO  no build target found for /home/bob_lenovo/riscv-isa-implementation/chisel/src/main/scala/alu.scala. Using presentation compiler with project's scala-library version: 3.3.8[0m
2026.09.03 15:58:13 WARN  no build target for: /home/bob_lenovo/riscv-isa-implementation/chisel/src/main/scala/alu.scala[0m
2026.09.03 15:58:13 INFO  no build target found for /home/bob_lenovo/riscv-isa-implementation/chisel/src/main/scala/alu.scala. Using presentation compiler with project's scala-library version: 3.3.8[0m
2026.09.03 15:58:13 INFO  no build target found for /home/bob_lenovo/riscv-isa-implementation/chisel/src/main/scala/alu.scala. Using presentation compiler with project's scala-library version: 3.3.8[0m
2026.09.03 15:58:13 WARN  Could not find semantic tokens for: file:///home/bob_lenovo/riscv-isa-implementation/chisel/src/main/scala/alu.scala[0m
2026.09.03 15:58:20 INFO  no build target found for /home/bob_lenovo/riscv-isa-implementation/chisel/src/main/scala/alu.scala. Using presentation compiler with project's scala-library version: 3.3.8[0m
2026.09.03 15:58:20 INFO  no build target found for /home/bob_lenovo/riscv-isa-implementation/chisel/src/main/scala/alu.scala. Using presentation compiler with project's scala-library version: 3.3.8[0m
2026.09.03 15:58:20 INFO  no build target found for /home/bob_lenovo/riscv-isa-implementation/chisel/src/main/scala/alu.scala. Using presentation compiler with project's scala-library version: 3.3.8[0m
2026.09.03 15:58:20 INFO  no build target found for /home/bob_lenovo/riscv-isa-implementation/chisel/src/main/scala/alu.scala. Using presentation compiler with project's scala-library version: 3.3.8[0m
2026.09.03 15:58:20 INFO  no build target found for /home/bob_lenovo/riscv-isa-implementation/chisel/src/main/scala/alu.scala. Using presentation compiler with project's scala-library version: 3.3.8[0m
2026.09.03 15:58:20 INFO  no build target found for /home/bob_lenovo/riscv-isa-implementation/chisel/src/main/scala/alu.scala. Using presentation compiler with project's scala-library version: 3.3.8[0m
2026.09.03 15:58:20 INFO  no build target found for /home/bob_lenovo/riscv-isa-implementation/chisel/src/main/scala/alu.scala. Using presentation compiler with project's scala-library version: 3.3.8[0m
2026.09.03 15:58:21 INFO  no build target found for /home/bob_lenovo/riscv-isa-implementation/chisel/src/main/scala/alu.scala. Using presentation compiler with project's scala-library version: 3.3.8[0m
2026.09.03 15:58:21 INFO  no build target found for /home/bob_lenovo/riscv-isa-implementation/chisel/src/main/scala/alu.scala. Using presentation compiler with project's scala-library version: 3.3.8[0m
2026.09.03 15:58:21 INFO  no build target found for /home/bob_lenovo/riscv-isa-implementation/chisel/src/main/scala/alu.scala. Using presentation compiler with project's scala-library version: 3.3.8[0m
2026.09.03 15:58:21 INFO  no build target found for /home/bob_lenovo/riscv-isa-implementation/chisel/src/main/scala/alu.scala. Using presentation compiler with project's scala-library version: 3.3.8[0m
2026.09.03 15:58:21 INFO  no build target found for /home/bob_lenovo/riscv-isa-implementation/chisel/src/main/scala/alu.scala. Using presentation compiler with project's scala-library version: 3.3.8[0m
2026.09.03 15:58:21 INFO  no build target found for /home/bob_lenovo/riscv-isa-implementation/chisel/src/main/scala/alu.scala. Using presentation compiler with project's scala-library version: 3.3.8[0m
2026.09.03 15:58:21 INFO  no build target found for /home/bob_lenovo/riscv-isa-implementation/chisel/src/main/scala/alu.scala. Using presentation compiler with project's scala-library version: 3.3.8[0m
2026.09.03 15:58:21 INFO  no build target found for /home/bob_lenovo/riscv-isa-implementation/chisel/src/main/scala/alu.scala. Using presentation compiler with project's scala-library version: 3.3.8[0m
2026.09.03 15:58:22 INFO  no build target found for /home/bob_lenovo/riscv-isa-implementation/chisel/src/main/scala/alu.scala. Using presentation compiler with project's scala-library version: 3.3.8[0m
2026.09.03 15:58:22 WARN  no build target for: /home/bob_lenovo/riscv-isa-implementation/chisel/src/main/scala/alu.scala[0m
2026.09.03 15:58:21 INFO  no build target found for /home/bob_lenovo/riscv-isa-implementation/chisel/src/main/scala/alu.scala. Using presentation compiler with project's scala-library version: 3.3.8[0m
2026.09.03 15:58:22 INFO  no build target found for /home/bob_lenovo/riscv-isa-implementation/chisel/src/main/scala/alu.scala. Using presentation compiler with project's scala-library version: 3.3.8[0m
2026.09.03 15:58:22 INFO  no build target found for /home/bob_lenovo/riscv-isa-implementation/chisel/src/main/scala/alu.scala. Using presentation compiler with project's scala-library version: 3.3.8[0m
2026.09.03 15:58:22 INFO  no build target found for /home/bob_lenovo/riscv-isa-implementation/chisel/src/main/scala/alu.scala. Using presentation compiler with project's scala-library version: 3.3.8[0m
2026.09.03 15:58:22 INFO  no build target found for /home/bob_lenovo/riscv-isa-implementation/chisel/src/main/scala/alu.scala. Using presentation compiler with project's scala-library version: 3.3.8[0m
2026.09.03 15:58:22 INFO  no build target found for /home/bob_lenovo/riscv-isa-implementation/chisel/src/main/scala/alu.scala. Using presentation compiler with project's scala-library version: 3.3.8[0m
2026.09.03 15:58:22 INFO  no build target found for /home/bob_lenovo/riscv-isa-implementation/chisel/src/main/scala/alu.scala. Using presentation compiler with project's scala-library version: 3.3.8[0m
2026.09.03 15:58:22 INFO  no build target found for /home/bob_lenovo/riscv-isa-implementation/chisel/src/main/scala/alu.scala. Using presentation compiler with project's scala-library version: 3.3.8[0m
2026.09.03 15:58:22 INFO  no build target found for /home/bob_lenovo/riscv-isa-implementation/chisel/src/main/scala/alu.scala. Using presentation compiler with project's scala-library version: 3.3.8[0m
2026.09.03 15:58:23 INFO  no build target found for /home/bob_lenovo/riscv-isa-implementation/chisel/src/main/scala/alu.scala. Using presentation compiler with project's scala-library version: 3.3.8[0m
2026.09.03 15:58:23 INFO  no build target found for /home/bob_lenovo/riscv-isa-implementation/chisel/src/main/scala/alu.scala. Using presentation compiler with project's scala-library version: 3.3.8[0m
2026.09.03 15:58:24 WARN  no build target for: /home/bob_lenovo/riscv-isa-implementation/chisel/src/main/scala/alu.scala[0m
2026.09.03 15:58:24 INFO  no build target found for /home/bob_lenovo/riscv-isa-implementation/chisel/src/main/scala/alu.scala. Using presentation compiler with project's scala-library version: 3.3.8[0m
2026.09.03 15:58:24 INFO  no build target found for /home/bob_lenovo/riscv-isa-implementation/chisel/src/main/scala/alu.scala. Using presentation compiler with project's scala-library version: 3.3.8[0m
2026.09.03 15:58:29 INFO  no build target found for /home/bob_lenovo/riscv-isa-implementation/chisel/src/main/scala/alu.scala. Using presentation compiler with project's scala-library version: 3.3.8[0m
2026.09.03 15:58:29 INFO  no build target found for /home/bob_lenovo/riscv-isa-implementation/chisel/src/main/scala/alu.scala. Using presentation compiler with project's scala-library version: 3.3.8[0m
2026.09.03 15:58:29 INFO  no build target found for /home/bob_lenovo/riscv-isa-implementation/chisel/src/main/scala/alu.scala. Using presentation compiler with project's scala-library version: 3.3.8[0m
2026.09.03 15:58:30 INFO  no build target found for /home/bob_lenovo/riscv-isa-implementation/chisel/src/main/scala/alu.scala. Using presentation compiler with project's scala-library version: 3.3.8[0m
2026.09.03 15:58:30 INFO  no build target found for /home/bob_lenovo/riscv-isa-implementation/chisel/src/main/scala/alu.scala. Using presentation compiler with project's scala-library version: 3.3.8[0m
2026.09.03 15:58:30 INFO  no build target found for /home/bob_lenovo/riscv-isa-implementation/chisel/src/main/scala/alu.scala. Using presentation compiler with project's scala-library version: 3.3.8[0m
2026.09.03 15:58:30 INFO  no build target found for /home/bob_lenovo/riscv-isa-implementation/chisel/src/main/scala/alu.scala. Using presentation compiler with project's scala-library version: 3.3.8[0m
2026.09.03 15:58:30 INFO  no build target found for /home/bob_lenovo/riscv-isa-implementation/chisel/src/main/scala/alu.scala. Using presentation compiler with project's scala-library version: 3.3.8[0m
2026.09.03 15:58:30 INFO  no build target found for /home/bob_lenovo/riscv-isa-implementation/chisel/src/main/scala/alu.scala. Using presentation compiler with project's scala-library version: 3.3.8[0m
2026.09.03 15:58:30 INFO  no build target found for /home/bob_lenovo/riscv-isa-implementation/chisel/src/main/scala/alu.scala. Using presentation compiler with project's scala-library version: 3.3.8[0m
2026.09.03 15:58:30 INFO  no build target found for /home/bob_lenovo/riscv-isa-implementation/chisel/src/main/scala/alu.scala. Using presentation compiler with project's scala-library version: 3.3.8[0m
2026.09.03 15:58:30 INFO  no build target found for /home/bob_lenovo/riscv-isa-implementation/chisel/src/main/scala/alu.scala. Using presentation compiler with project's scala-library version: 3.3.8[0m
2026.09.03 15:58:31 INFO  no build target found for /home/bob_lenovo/riscv-isa-implementation/chisel/src/main/scala/alu.scala. Using presentation compiler with project's scala-library version: 3.3.8[0m
2026.09.03 15:58:31 INFO  no build target found for /home/bob_lenovo/riscv-isa-implementation/chisel/src/main/scala/alu.scala. Using presentation compiler with project's scala-library version: 3.3.8[0m
2026.09.03 15:58:32 WARN  no build target for: /home/bob_lenovo/riscv-isa-implementation/chisel/src/main/scala/alu.scala[0m
2026.09.03 15:58:32 INFO  no build target found for /home/bob_lenovo/riscv-isa-implementation/chisel/src/main/scala/alu.scala. Using presentation compiler with project's scala-library version: 3.3.8[0m
2026.09.03 16:03:31 INFO  no build target found for /home/bob_lenovo/riscv-isa-implementation/chisel/src/main/scala/alu.scala. Using presentation compiler with project's scala-library version: 3.3.8[0m
2026.09.03 16:03:31 INFO  no build target found for /home/bob_lenovo/riscv-isa-implementation/chisel/src/main/scala/alu.scala. Using presentation compiler with project's scala-library version: 3.3.8[0m
2026.09.03 16:03:31 INFO  no build target found for /home/bob_lenovo/riscv-isa-implementation/chisel/src/main/scala/alu.scala. Using presentation compiler with project's scala-library version: 3.3.8[0m
2026.09.03 16:03:31 INFO  no build target found for /home/bob_lenovo/riscv-isa-implementation/chisel/src/main/scala/alu.scala. Using presentation compiler with project's scala-library version: 3.3.8[0m
2026.09.03 16:03:31 INFO  no build target found for /home/bob_lenovo/riscv-isa-implementation/chisel/src/main/scala/alu.scala. Using presentation compiler with project's scala-library version: 3.3.8[0m
2026.09.03 16:03:31 INFO  no build target found for /home/bob_lenovo/riscv-isa-implementation/chisel/src/main/scala/alu.scala. Using presentation compiler with project's scala-library version: 3.3.8[0m
2026.09.03 16:03:31 INFO  no build target found for /home/bob_lenovo/riscv-isa-implementation/chisel/src/main/scala/alu.scala. Using presentation compiler with project's scala-library version: 3.3.8[0m
2026.09.03 16:03:31 INFO  no build target found for /home/bob_lenovo/riscv-isa-implementation/chisel/src/main/scala/alu.scala. Using presentation compiler with project's scala-library version: 3.3.8[0m
2026.09.03 16:03:31 INFO  no build target found for /home/bob_lenovo/riscv-isa-implementation/chisel/src/main/scala/alu.scala. Using presentation compiler with project's scala-library version: 3.3.8[0m
2026.09.03 16:03:31 INFO  no build target found for /home/bob_lenovo/riscv-isa-implementation/chisel/src/main/scala/alu.scala. Using presentation compiler with project's scala-library version: 3.3.8[0m
2026.09.03 16:03:31 INFO  no build target found for /home/bob_lenovo/riscv-isa-implementation/chisel/src/main/scala/alu.scala. Using presentation compiler with project's scala-library version: 3.3.8[0m
2026.09.03 16:03:31 INFO  no build target found for /home/bob_lenovo/riscv-isa-implementation/chisel/src/main/scala/alu.scala. Using presentation compiler with project's scala-library version: 3.3.8[0m
2026.09.03 16:03:31 INFO  no build target found for /home/bob_lenovo/riscv-isa-implementation/chisel/src/main/scala/alu.scala. Using presentation compiler with project's scala-library version: 3.3.8[0m
2026.09.03 16:03:32 INFO  no build target found for /home/bob_lenovo/riscv-isa-implementation/chisel/src/main/scala/alu.scala. Using presentation compiler with project's scala-library version: 3.3.8[0m
2026.09.03 16:03:32 INFO  no build target found for /home/bob_lenovo/riscv-isa-implementation/chisel/src/main/scala/alu.scala. Using presentation compiler with project's scala-library version: 3.3.8[0m
2026.09.03 16:03:33 INFO  no build target found for /home/bob_lenovo/riscv-isa-implementation/chisel/src/main/scala/alu.scala. Using presentation compiler with project's scala-library version: 3.3.8[0m
2026.09.03 16:03:33 INFO  no build target found for /home/bob_lenovo/riscv-isa-implementation/chisel/src/main/scala/alu.scala. Using presentation compiler with project's scala-library version: 3.3.8[0m
2026.09.03 16:03:34 WARN  no build target for: /home/bob_lenovo/riscv-isa-implementation/chisel/src/main/scala/alu.scala[0m
2026.09.03 16:03:34 INFO  no build target found for /home/bob_lenovo/riscv-isa-implementation/chisel/src/main/scala/alu.scala. Using presentation compiler with project's scala-library version: 3.3.8[0m
2026.09.03 16:03:46 INFO  no build target found for /home/bob_lenovo/riscv-isa-implementation/chisel/src/main/scala/alu.scala. Using presentation compiler with project's scala-library version: 3.3.8[0m
2026.09.03 16:03:46 INFO  no build target found for /home/bob_lenovo/riscv-isa-implementation/chisel/src/main/scala/alu.scala. Using presentation compiler with project's scala-library version: 3.3.8[0m
2026.09.03 16:03:46 INFO  no build target found for /home/bob_lenovo/riscv-isa-implementation/chisel/src/main/scala/alu.scala. Using presentation compiler with project's scala-library version: 3.3.8[0m
2026.09.03 16:03:46 INFO  no build target found for /home/bob_lenovo/riscv-isa-implementation/chisel/src/main/scala/alu.scala. Using presentation compiler with project's scala-library version: 3.3.8[0m
2026.09.03 16:03:46 INFO  no build target found for /home/bob_lenovo/riscv-isa-implementation/chisel/src/main/scala/alu.scala. Using presentation compiler with project's scala-library version: 3.3.8[0m
2026.09.03 16:03:46 INFO  no build target found for /home/bob_lenovo/riscv-isa-implementation/chisel/src/main/scala/alu.scala. Using presentation compiler with project's scala-library version: 3.3.8[0m
2026.09.03 16:03:46 INFO  no build target found for /home/bob_lenovo/riscv-isa-implementation/chisel/src/main/scala/alu.scala. Using presentation compiler with project's scala-library version: 3.3.8[0m
2026.09.03 16:03:46 INFO  no build target found for /home/bob_lenovo/riscv-isa-implementation/chisel/src/main/scala/alu.scala. Using presentation compiler with project's scala-library version: 3.3.8[0m
2026.09.03 16:03:46 INFO  no build target found for /home/bob_lenovo/riscv-isa-implementation/chisel/src/main/scala/alu.scala. Using presentation compiler with project's scala-library version: 3.3.8[0m
2026.09.03 16:03:46 INFO  no build target found for /home/bob_lenovo/riscv-isa-implementation/chisel/src/main/scala/alu.scala. Using presentation compiler with project's scala-library version: 3.3.8[0m
2026.09.03 16:03:47 INFO  no build target found for /home/bob_lenovo/riscv-isa-implementation/chisel/src/main/scala/alu.scala. Using presentation compiler with project's scala-library version: 3.3.8[0m
2026.09.03 16:03:47 INFO  no build target found for /home/bob_lenovo/riscv-isa-implementation/chisel/src/main/scala/alu.scala. Using presentation compiler with project's scala-library version: 3.3.8[0m
2026.09.03 16:03:47 INFO  no build target found for /home/bob_lenovo/riscv-isa-implementation/chisel/src/main/scala/alu.scala. Using presentation compiler with project's scala-library version: 3.3.8[0m
2026.09.03 16:03:47 INFO  no build target found for /home/bob_lenovo/riscv-isa-implementation/chisel/src/main/scala/alu.scala. Using presentation compiler with project's scala-library version: 3.3.8[0m
2026.09.03 16:03:48 INFO  no build target found for /home/bob_lenovo/riscv-isa-implementation/chisel/src/main/scala/alu.scala. Using presentation compiler with project's scala-library version: 3.3.8[0m
2026.09.03 16:03:47 INFO  no build target found for /home/bob_lenovo/riscv-isa-implementation/chisel/src/main/scala/alu.scala. Using presentation compiler with project's scala-library version: 3.3.8[0m
2026.09.03 16:03:47 INFO  no build target found for /home/bob_lenovo/riscv-isa-implementation/chisel/src/main/scala/alu.scala. Using presentation compiler with project's scala-library version: 3.3.8[0m
2026.09.03 16:03:48 INFO  no build target found for /home/bob_lenovo/riscv-isa-implementation/chisel/src/main/scala/alu.scala. Using presentation compiler with project's scala-library version: 3.3.8[0m
2026.09.03 16:03:47 INFO  no build target found for /home/bob_lenovo/riscv-isa-implementation/chisel/src/main/scala/alu.scala. Using presentation compiler with project's scala-library version: 3.3.8[0m
2026.09.03 16:03:47 INFO  no build target found for /home/bob_lenovo/riscv-isa-implementation/chisel/src/main/scala/alu.scala. Using presentation compiler with project's scala-library version: 3.3.8[0m
2026.09.03 16:03:48 INFO  no build target found for /home/bob_lenovo/riscv-isa-implementation/chisel/src/main/scala/alu.scala. Using presentation compiler with project's scala-library version: 3.3.8[0m
2026.09.03 16:03:48 INFO  no build target found for /home/bob_lenovo/riscv-isa-implementation/chisel/src/main/scala/alu.scala. Using presentation compiler with project's scala-library version: 3.3.8[0m
2026.09.03 16:03:48 INFO  no build target found for /home/bob_lenovo/riscv-isa-implementation/chisel/src/main/scala/alu.scala. Using presentation compiler with project's scala-library version: 3.3.8[0m
2026.09.03 16:03:49 INFO  no build target found for /home/bob_lenovo/riscv-isa-implementation/chisel/src/main/scala/alu.scala. Using presentation compiler with project's scala-library version: 3.3.8[0m
2026.09.03 16:03:49 WARN  no build target for: /home/bob_lenovo/riscv-isa-implementation/chisel/src/main/scala/alu.scala[0m
2026.09.03 16:03:49 INFO  no build target found for /home/bob_lenovo/riscv-isa-implementation/chisel/src/main/scala/alu.scala. Using presentation compiler with project's scala-library version: 3.3.8[0m
2026.09.03 16:03:55 INFO  no build target found for /home/bob_lenovo/riscv-isa-implementation/chisel/src/main/scala/alu.scala. Using presentation compiler with project's scala-library version: 3.3.8[0m
2026.09.03 16:03:55 INFO  no build target found for /home/bob_lenovo/riscv-isa-implementation/chisel/src/main/scala/alu.scala. Using presentation compiler with project's scala-library version: 3.3.8[0m
2026.09.03 16:03:55 INFO  no build target found for /home/bob_lenovo/riscv-isa-implementation/chisel/src/main/scala/alu.scala. Using presentation compiler with project's scala-library version: 3.3.8[0m
2026.09.03 16:03:56 INFO  no build target found for /home/bob_lenovo/riscv-isa-implementation/chisel/src/main/scala/alu.scala. Using presentation compiler with project's scala-library version: 3.3.8[0m
2026.09.03 16:03:56 INFO  no build target found for /home/bob_lenovo/riscv-isa-implementation/chisel/src/main/scala/alu.scala. Using presentation compiler with project's scala-library version: 3.3.8[0m
2026.09.03 16:03:56 INFO  no build target found for /home/bob_lenovo/riscv-isa-implementation/chisel/src/main/scala/alu.scala. Using presentation compiler with project's scala-library version: 3.3.8[0m
2026.09.03 16:03:56 WARN  no build target for: /home/bob_lenovo/riscv-isa-implementation/chisel/src/main/scala/alu.scala[0m
2026.09.03 16:03:56 INFO  no build target found for /home/bob_lenovo/riscv-isa-implementation/chisel/src/main/scala/alu.scala. Using presentation compiler with project's scala-library version: 3.3.8[0m
2026.09.03 16:04:06 INFO  no build target found for /home/bob_lenovo/riscv-isa-implementation/chisel/src/main/scala/alu.scala. Using presentation compiler with project's scala-library version: 3.3.8[0m
2026.09.03 16:04:06 INFO  no build target found for /home/bob_lenovo/riscv-isa-implementation/chisel/src/main/scala/alu.scala. Using presentation compiler with project's scala-library version: 3.3.8[0m
2026.09.03 16:04:06 INFO  no build target found for /home/bob_lenovo/riscv-isa-implementation/chisel/src/main/scala/alu.scala. Using presentation compiler with project's scala-library version: 3.3.8[0m
2026.09.03 16:04:06 INFO  no build target found for /home/bob_lenovo/riscv-isa-implementation/chisel/src/main/scala/alu.scala. Using presentation compiler with project's scala-library version: 3.3.8[0m
2026.09.03 16:04:06 INFO  no build target found for /home/bob_lenovo/riscv-isa-implementation/chisel/src/main/scala/alu.scala. Using presentation compiler with project's scala-library version: 3.3.8[0m
2026.09.03 16:04:06 INFO  no build target found for /home/bob_lenovo/riscv-isa-implementation/chisel/src/main/scala/alu.scala. Using presentation compiler with project's scala-library version: 3.3.8[0m
2026.09.03 16:04:06 INFO  no build target found for /home/bob_lenovo/riscv-isa-implementation/chisel/src/main/scala/alu.scala. Using presentation compiler with project's scala-library version: 3.3.8[0m
2026.09.03 16:04:06 INFO  no build target found for /home/bob_lenovo/riscv-isa-implementation/chisel/src/main/scala/alu.scala. Using presentation compiler with project's scala-library version: 3.3.8[0m
2026.09.03 16:04:07 INFO  no build target found for /home/bob_lenovo/riscv-isa-implementation/chisel/src/main/scala/alu.scala. Using presentation compiler with project's scala-library version: 3.3.8[0m
2026.09.03 16:04:07 INFO  no build target found for /home/bob_lenovo/riscv-isa-implementation/chisel/src/main/scala/alu.scala. Using presentation compiler with project's scala-library version: 3.3.8[0m
2026.09.03 16:04:07 INFO  no build target found for /home/bob_lenovo/riscv-isa-implementation/chisel/src/main/scala/alu.scala. Using presentation compiler with project's scala-library version: 3.3.8[0m
2026.09.03 16:04:07 INFO  no build target found for /home/bob_lenovo/riscv-isa-implementation/chisel/src/main/scala/alu.scala. Using presentation compiler with project's scala-library version: 3.3.8[0m
2026.09.03 16:04:07 INFO  no build target found for /home/bob_lenovo/riscv-isa-implementation/chisel/src/main/scala/alu.scala. Using presentation compiler with project's scala-library version: 3.3.8[0m
2026.09.03 16:04:07 INFO  no build target found for /home/bob_lenovo/riscv-isa-implementation/chisel/src/main/scala/alu.scala. Using presentation compiler with project's scala-library version: 3.3.8[0m
2026.09.03 16:04:07 INFO  no build target found for /home/bob_lenovo/riscv-isa-implementation/chisel/src/main/scala/alu.scala. Using presentation compiler with project's scala-library version: 3.3.8[0m
2026.09.03 16:04:08 INFO  no build target found for /home/bob_lenovo/riscv-isa-implementation/chisel/src/main/scala/alu.scala. Using presentation compiler with project's scala-library version: 3.3.8[0m
2026.09.03 16:04:07 INFO  no build target found for /home/bob_lenovo/riscv-isa-implementation/chisel/src/main/scala/alu.scala. Using presentation compiler with project's scala-library version: 3.3.8[0m
2026.09.03 16:04:07 INFO  no build target found for /home/bob_lenovo/riscv-isa-implementation/chisel/src/main/scala/alu.scala. Using presentation compiler with project's scala-library version: 3.3.8[0m
2026.09.03 16:04:07 INFO  no build target found for /home/bob_lenovo/riscv-isa-implementation/chisel/src/main/scala/alu.scala. Using presentation compiler with project's scala-library version: 3.3.8[0m
2026.09.03 16:04:07 INFO  no build target found for /home/bob_lenovo/riscv-isa-implementation/chisel/src/main/scala/alu.scala. Using presentation compiler with project's scala-library version: 3.3.8[0m
2026.09.03 16:04:07 INFO  no build target found for /home/bob_lenovo/riscv-isa-implementation/chisel/src/main/scala/alu.scala. Using presentation compiler with project's scala-library version: 3.3.8[0m
2026.09.03 16:04:07 INFO  no build target found for /home/bob_lenovo/riscv-isa-implementation/chisel/src/main/scala/alu.scala. Using presentation compiler with project's scala-library version: 3.3.8[0m
2026.09.03 16:04:08 INFO  no build target found for /home/bob_lenovo/riscv-isa-implementation/chisel/src/main/scala/alu.scala. Using presentation compiler with project's scala-library version: 3.3.8[0m
2026.09.03 16:04:08 INFO  no build target found for /home/bob_lenovo/riscv-isa-implementation/chisel/src/main/scala/alu.scala. Using presentation compiler with project's scala-library version: 3.3.8[0m
2026.09.03 16:04:08 INFO  no build target found for /home/bob_lenovo/riscv-isa-implementation/chisel/src/main/scala/alu.scala. Using presentation compiler with project's scala-library version: 3.3.8[0m
2026.09.03 16:04:08 INFO  no build target found for /home/bob_lenovo/riscv-isa-implementation/chisel/src/main/scala/alu.scala. Using presentation compiler with project's scala-library version: 3.3.8[0m
2026.09.03 16:04:08 INFO  no build target found for /home/bob_lenovo/riscv-isa-implementation/chisel/src/main/scala/alu.scala. Using presentation compiler with project's scala-library version: 3.3.8[0m
2026.09.03 16:04:08 INFO  no build target found for /home/bob_lenovo/riscv-isa-implementation/chisel/src/main/scala/alu.scala. Using presentation compiler with project's scala-library version: 3.3.8[0m
2026.09.03 16:04:09 INFO  no build target found for /home/bob_lenovo/riscv-isa-implementation/chisel/src/main/scala/alu.scala. Using presentation compiler with project's scala-library version: 3.3.8[0m
2026.09.03 16:04:08 INFO  no build target found for /home/bob_lenovo/riscv-isa-implementation/chisel/src/main/scala/alu.scala. Using presentation compiler with project's scala-library version: 3.3.8[0m
2026.09.03 16:04:08 INFO  no build target found for /home/bob_lenovo/riscv-isa-implementation/chisel/src/main/scala/alu.scala. Using presentation compiler with project's scala-library version: 3.3.8[0m
2026.09.03 16:04:09 INFO  no build target found for /home/bob_lenovo/riscv-isa-implementation/chisel/src/main/scala/alu.scala. Using presentation compiler with project's scala-library version: 3.3.8[0m
2026.09.03 16:04:09 INFO  no build target found for /home/bob_lenovo/riscv-isa-implementation/chisel/src/main/scala/alu.scala. Using presentation compiler with project's scala-library version: 3.3.8[0m
2026.09.03 16:04:09 INFO  no build target found for /home/bob_lenovo/riscv-isa-implementation/chisel/src/main/scala/alu.scala. Using presentation compiler with project's scala-library version: 3.3.8[0m
2026.09.03 16:04:09 INFO  no build target found for /home/bob_lenovo/riscv-isa-implementation/chisel/src/main/scala/alu.scala. Using presentation compiler with project's scala-library version: 3.3.8[0m
2026.09.03 16:04:09 INFO  no build target found for /home/bob_lenovo/riscv-isa-implementation/chisel/src/main/scala/alu.scala. Using presentation compiler with project's scala-library version: 3.3.8[0m
2026.09.03 16:04:09 INFO  no build target found for /home/bob_lenovo/riscv-isa-implementation/chisel/src/main/scala/alu.scala. Using presentation compiler with project's scala-library version: 3.3.8[0m
2026.09.03 16:04:09 INFO  no build target found for /home/bob_lenovo/riscv-isa-implementation/chisel/src/main/scala/alu.scala. Using presentation compiler with project's scala-library version: 3.3.8[0m
2026.09.03 16:04:09 INFO  no build target found for /home/bob_lenovo/riscv-isa-implementation/chisel/src/main/scala/alu.scala. Using presentation compiler with project's scala-library version: 3.3.8[0m
2026.09.03 16:04:10 INFO  no build target found for /home/bob_lenovo/riscv-isa-implementation/chisel/src/main/scala/alu.scala. Using presentation compiler with project's scala-library version: 3.3.8[0m
2026.09.03 16:04:09 INFO  no build target found for /home/bob_lenovo/riscv-isa-implementation/chisel/src/main/scala/alu.scala. Using presentation compiler with project's scala-library version: 3.3.8[0m
2026.09.03 16:04:09 INFO  no build target found for /home/bob_lenovo/riscv-isa-implementation/chisel/src/main/scala/alu.scala. Using presentation compiler with project's scala-library version: 3.3.8[0m
2026.09.03 16:04:10 INFO  no build target found for /home/bob_lenovo/riscv-isa-implementation/chisel/src/main/scala/alu.scala. Using presentation compiler with project's scala-library version: 3.3.8[0m
2026.09.03 16:04:10 INFO  no build target found for /home/bob_lenovo/riscv-isa-implementation/chisel/src/main/scala/alu.scala. Using presentation compiler with project's scala-library version: 3.3.8[0m
2026.09.03 16:04:10 INFO  no build target found for /home/bob_lenovo/riscv-isa-implementation/chisel/src/main/scala/alu.scala. Using presentation compiler with project's scala-library version: 3.3.8[0m
2026.09.03 16:04:10 INFO  no build target found for /home/bob_lenovo/riscv-isa-implementation/chisel/src/main/scala/alu.scala. Using presentation compiler with project's scala-library version: 3.3.8[0m
2026.09.03 16:04:10 INFO  no build target found for /home/bob_lenovo/riscv-isa-implementation/chisel/src/main/scala/alu.scala. Using presentation compiler with project's scala-library version: 3.3.8[0m
2026.09.03 16:04:11 INFO  no build target found for /home/bob_lenovo/riscv-isa-implementation/chisel/src/main/scala/alu.scala. Using presentation compiler with project's scala-library version: 3.3.8[0m
2026.09.03 16:04:10 INFO  no build target found for /home/bob_lenovo/riscv-isa-implementation/chisel/src/main/scala/alu.scala. Using presentation compiler with project's scala-library version: 3.3.8[0m
2026.09.03 16:04:10 INFO  no build target found for /home/bob_lenovo/riscv-isa-implementation/chisel/src/main/scala/alu.scala. Using presentation compiler with project's scala-library version: 3.3.8[0m
2026.09.03 16:04:10 INFO  no build target found for /home/bob_lenovo/riscv-isa-implementation/chisel/src/main/scala/alu.scala. Using presentation compiler with project's scala-library version: 3.3.8[0m
2026.09.03 16:04:10 INFO  no build target found for /home/bob_lenovo/riscv-isa-implementation/chisel/src/main/scala/alu.scala. Using presentation compiler with project's scala-library version: 3.3.8[0m
2026.09.03 16:04:11 INFO  no build target found for /home/bob_lenovo/riscv-isa-implementation/chisel/src/main/scala/alu.scala. Using presentation compiler with project's scala-library version: 3.3.8[0m
2026.09.03 16:04:10 INFO  no build target found for /home/bob_lenovo/riscv-isa-implementation/chisel/src/main/scala/alu.scala. Using presentation compiler with project's scala-library version: 3.3.8[0m
2026.09.03 16:04:11 INFO  no build target found for /home/bob_lenovo/riscv-isa-implementation/chisel/src/main/scala/alu.scala. Using presentation compiler with project's scala-library version: 3.3.8[0m
2026.09.03 16:04:11 INFO  no build target found for /home/bob_lenovo/riscv-isa-implementation/chisel/src/main/scala/alu.scala. Using presentation compiler with project's scala-library version: 3.3.8[0m
2026.09.03 16:04:12 INFO  no build target found for /home/bob_lenovo/riscv-isa-implementation/chisel/src/main/scala/alu.scala. Using presentation compiler with project's scala-library version: 3.3.8[0m
2026.09.03 16:04:11 INFO  no build target found for /home/bob_lenovo/riscv-isa-implementation/chisel/src/main/scala/alu.scala. Using presentation compiler with project's scala-library version: 3.3.8[0m
2026.09.03 16:04:11 INFO  no build target found for /home/bob_lenovo/riscv-isa-implementation/chisel/src/main/scala/alu.scala. Using presentation compiler with project's scala-library version: 3.3.8[0m
2026.09.03 16:04:12 INFO  no build target found for /home/bob_lenovo/riscv-isa-implementation/chisel/src/main/scala/alu.scala. Using presentation compiler with project's scala-library version: 3.3.8[0m
2026.09.03 16:04:11 INFO  no build target found for /home/bob_lenovo/riscv-isa-implementation/chisel/src/main/scala/alu.scala. Using presentation compiler with project's scala-library version: 3.3.8[0m
2026.09.03 16:04:13 INFO  no build target found for /home/bob_lenovo/riscv-isa-implementation/chisel/src/main/scala/alu.scala. Using presentation compiler with project's scala-library version: 3.3.8[0m
2026.09.03 16:04:13 WARN  no build target for: /home/bob_lenovo/riscv-isa-implementation/chisel/src/main/scala/alu.scala[0m
2026.09.03 16:04:13 INFO  no build target found for /home/bob_lenovo/riscv-isa-implementation/chisel/src/main/scala/alu.scala. Using presentation compiler with project's scala-library version: 3.3.8[0m
2026.09.03 16:04:14 INFO  no build target found for /home/bob_lenovo/riscv-isa-implementation/chisel/src/main/scala/alu.scala. Using presentation compiler with project's scala-library version: 3.3.8[0m
2026.09.03 16:04:14 INFO  no build target found for /home/bob_lenovo/riscv-isa-implementation/chisel/src/main/scala/alu.scala. Using presentation compiler with project's scala-library version: 3.3.8[0m
2026.09.03 16:04:15 INFO  no build target found for /home/bob_lenovo/riscv-isa-implementation/chisel/src/main/scala/alu.scala. Using presentation compiler with project's scala-library version: 3.3.8[0m
2026.09.03 16:04:14 INFO  no build target found for /home/bob_lenovo/riscv-isa-implementation/chisel/src/main/scala/alu.scala. Using presentation compiler with project's scala-library version: 3.3.8[0m
2026.09.03 16:04:15 INFO  no build target found for /home/bob_lenovo/riscv-isa-implementation/chisel/src/main/scala/alu.scala. Using presentation compiler with project's scala-library version: 3.3.8[0m
2026.09.03 16:04:16 INFO  no build target found for /home/bob_lenovo/riscv-isa-implementation/chisel/src/main/scala/alu.scala. Using presentation compiler with project's scala-library version: 3.3.8[0m
2026.09.03 16:04:16 WARN  no build target for: /home/bob_lenovo/riscv-isa-implementation/chisel/src/main/scala/alu.scala[0m
2026.09.03 16:04:16 INFO  no build target found for /home/bob_lenovo/riscv-isa-implementation/chisel/src/main/scala/alu.scala. Using presentation compiler with project's scala-library version: 3.3.8[0m
2026.09.03 16:04:25 INFO  no build target found for /home/bob_lenovo/riscv-isa-implementation/chisel/src/main/scala/alu.scala. Using presentation compiler with project's scala-library version: 3.3.8[0m
2026.09.03 16:04:25 INFO  no build target found for /home/bob_lenovo/riscv-isa-implementation/chisel/src/main/scala/alu.scala. Using presentation compiler with project's scala-library version: 3.3.8[0m
2026.09.03 16:04:25 INFO  no build target found for /home/bob_lenovo/riscv-isa-implementation/chisel/src/main/scala/alu.scala. Using presentation compiler with project's scala-library version: 3.3.8[0m
2026.09.03 16:04:25 INFO  no build target found for /home/bob_lenovo/riscv-isa-implementation/chisel/src/main/scala/alu.scala. Using presentation compiler with project's scala-library version: 3.3.8[0m
2026.09.03 16:04:25 INFO  no build target found for /home/bob_lenovo/riscv-isa-implementation/chisel/src/main/scala/alu.scala. Using presentation compiler with project's scala-library version: 3.3.8[0m
2026.09.03 16:04:25 INFO  no build target found for /home/bob_lenovo/riscv-isa-implementation/chisel/src/main/scala/alu.scala. Using presentation compiler with project's scala-library version: 3.3.8[0m
2026.09.03 16:04:25 INFO  no build target found for /home/bob_lenovo/riscv-isa-implementation/chisel/src/main/scala/alu.scala. Using presentation compiler with project's scala-library version: 3.3.8[0m
2026.09.03 16:04:25 INFO  no build target found for /home/bob_lenovo/riscv-isa-implementation/chisel/src/main/scala/alu.scala. Using presentation compiler with project's scala-library version: 3.3.8[0m
2026.09.03 16:04:25 INFO  no build target found for /home/bob_lenovo/riscv-isa-implementation/chisel/src/main/scala/alu.scala. Using presentation compiler with project's scala-library version: 3.3.8[0m
2026.09.03 16:04:25 INFO  no build target found for /home/bob_lenovo/riscv-isa-implementation/chisel/src/main/scala/alu.scala. Using presentation compiler with project's scala-library version: 3.3.8[0m
2026.09.03 16:04:25 INFO  no build target found for /home/bob_lenovo/riscv-isa-implementation/chisel/src/main/scala/alu.scala. Using presentation compiler with project's scala-library version: 3.3.8[0m
2026.09.03 16:04:25 INFO  no build target found for /home/bob_lenovo/riscv-isa-implementation/chisel/src/main/scala/alu.scala. Using presentation compiler with project's scala-library version: 3.3.8[0m
2026.09.03 16:04:25 INFO  no build target found for /home/bob_lenovo/riscv-isa-implementation/chisel/src/main/scala/alu.scala. Using presentation compiler with project's scala-library version: 3.3.8[0m
2026.09.03 16:04:26 INFO  no build target found for /home/bob_lenovo/riscv-isa-implementation/chisel/src/main/scala/alu.scala. Using presentation compiler with project's scala-library version: 3.3.8[0m
2026.09.03 16:04:26 WARN  no build target for: /home/bob_lenovo/riscv-isa-implementation/chisel/src/main/scala/alu.scala[0m
2026.09.03 16:04:26 INFO  no build target found for /home/bob_lenovo/riscv-isa-implementation/chisel/src/main/scala/alu.scala. Using presentation compiler with project's scala-library version: 3.3.8[0m
2026.09.03 16:04:26 INFO  no build target found for /home/bob_lenovo/riscv-isa-implementation/chisel/src/main/scala/alu.scala. Using presentation compiler with project's scala-library version: 3.3.8[0m
2026.09.03 16:04:32 INFO  no build target found for /home/bob_lenovo/riscv-isa-implementation/chisel/src/main/scala/alu.scala. Using presentation compiler with project's scala-library version: 3.3.8[0m
2026.09.03 16:04:32 INFO  no build target found for /home/bob_lenovo/riscv-isa-implementation/chisel/src/main/scala/alu.scala. Using presentation compiler with project's scala-library version: 3.3.8[0m
2026.09.03 16:04:32 INFO  no build target found for /home/bob_lenovo/riscv-isa-implementation/chisel/src/main/scala/alu.scala. Using presentation compiler with project's scala-library version: 3.3.8[0m
2026.09.03 16:04:33 INFO  no build target found for /home/bob_lenovo/riscv-isa-implementation/chisel/src/main/scala/alu.scala. Using presentation compiler with project's scala-library version: 3.3.8[0m
2026.09.03 16:04:33 WARN  no build target for: /home/bob_lenovo/riscv-isa-implementation/chisel/src/main/scala/alu.scala[0m
2026.09.03 16:04:33 INFO  no build target found for /home/bob_lenovo/riscv-isa-implementation/chisel/src/main/scala/alu.scala. Using presentation compiler with project's scala-library version: 3.3.8[0m
2026.09.03 16:04:33 INFO  no build target found for /home/bob_lenovo/riscv-isa-implementation/chisel/src/main/scala/alu.scala. Using presentation compiler with project's scala-library version: 3.3.8[0m
2026.09.03 16:04:33 INFO  no build target found for /home/bob_lenovo/riscv-isa-implementation/chisel/src/main/scala/alu.scala. Using presentation compiler with project's scala-library version: 3.3.8[0m
2026.09.03 16:04:33 INFO  no build target found for /home/bob_lenovo/riscv-isa-implementation/chisel/src/main/scala/alu.scala. Using presentation compiler with project's scala-library version: 3.3.8[0m
2026.09.03 16:04:33 INFO  no build target found for /home/bob_lenovo/riscv-isa-implementation/chisel/src/main/scala/alu.scala. Using presentation compiler with project's scala-library version: 3.3.8[0m
2026.09.03 16:04:33 INFO  no build target found for /home/bob_lenovo/riscv-isa-implementation/chisel/src/main/scala/alu.scala. Using presentation compiler with project's scala-library version: 3.3.8[0m
2026.09.03 16:04:33 INFO  no build target found for /home/bob_lenovo/riscv-isa-implementation/chisel/src/main/scala/alu.scala. Using presentation compiler with project's scala-library version: 3.3.8[0m
2026.09.03 16:04:33 INFO  no build target found for /home/bob_lenovo/riscv-isa-implementation/chisel/src/main/scala/alu.scala. Using presentation compiler with project's scala-library version: 3.3.8[0m
2026.09.03 16:04:33 INFO  no build target found for /home/bob_lenovo/riscv-isa-implementation/chisel/src/main/scala/alu.scala. Using presentation compiler with project's scala-library version: 3.3.8[0m
2026.09.03 16:04:34 INFO  no build target found for /home/bob_lenovo/riscv-isa-implementation/chisel/src/main/scala/alu.scala. Using presentation compiler with project's scala-library version: 3.3.8[0m
2026.09.03 16:04:33 INFO  no build target found for /home/bob_lenovo/riscv-isa-implementation/chisel/src/main/scala/alu.scala. Using presentation compiler with project's scala-library version: 3.3.8[0m
2026.09.03 16:04:33 INFO  no build target found for /home/bob_lenovo/riscv-isa-implementation/chisel/src/main/scala/alu.scala. Using presentation compiler with project's scala-library version: 3.3.8[0m
2026.09.03 16:04:35 INFO  no build target found for /home/bob_lenovo/riscv-isa-implementation/chisel/src/main/scala/alu.scala. Using presentation compiler with project's scala-library version: 3.3.8[0m
2026.09.03 16:04:35 INFO  no build target found for /home/bob_lenovo/riscv-isa-implementation/chisel/src/main/scala/alu.scala. Using presentation compiler with project's scala-library version: 3.3.8[0m
2026.09.03 16:04:35 INFO  no build target found for /home/bob_lenovo/riscv-isa-implementation/chisel/src/main/scala/alu.scala. Using presentation compiler with project's scala-library version: 3.3.8[0m
2026.09.03 16:04:35 INFO  no build target found for /home/bob_lenovo/riscv-isa-implementation/chisel/src/main/scala/alu.scala. Using presentation compiler with project's scala-library version: 3.3.8[0m
2026.09.03 16:04:36 INFO  no build target found for /home/bob_lenovo/riscv-isa-implementation/chisel/src/main/scala/alu.scala. Using presentation compiler with project's scala-library version: 3.3.8[0m
2026.09.03 16:04:36 INFO  no build target found for /home/bob_lenovo/riscv-isa-implementation/chisel/src/main/scala/alu.scala. Using presentation compiler with project's scala-library version: 3.3.8[0m
2026.09.03 16:04:36 WARN  no build target for: /home/bob_lenovo/riscv-isa-implementation/chisel/src/main/scala/alu.scala[0m
2026.09.03 16:04:36 INFO  no build target found for /home/bob_lenovo/riscv-isa-implementation/chisel/src/main/scala/alu.scala. Using presentation compiler with project's scala-library version: 3.3.8[0m
2026.09.03 16:04:36 INFO  no build target found for /home/bob_lenovo/riscv-isa-implementation/chisel/src/main/scala/alu.scala. Using presentation compiler with project's scala-library version: 3.3.8[0m
2026.09.03 16:04:36 INFO  no build target found for /home/bob_lenovo/riscv-isa-implementation/chisel/src/main/scala/alu.scala. Using presentation compiler with project's scala-library version: 3.3.8[0m
2026.09.03 16:04:36 INFO  no build target found for /home/bob_lenovo/riscv-isa-implementation/chisel/src/main/scala/alu.scala. Using presentation compiler with project's scala-library version: 3.3.8[0m
2026.09.03 16:04:36 INFO  no build target found for /home/bob_lenovo/riscv-isa-implementation/chisel/src/main/scala/alu.scala. Using presentation compiler with project's scala-library version: 3.3.8[0m
2026.09.03 16:04:36 INFO  no build target found for /home/bob_lenovo/riscv-isa-implementation/chisel/src/main/scala/alu.scala. Using presentation compiler with project's scala-library version: 3.3.8[0m
2026.09.03 16:04:36 INFO  no build target found for /home/bob_lenovo/riscv-isa-implementation/chisel/src/main/scala/alu.scala. Using presentation compiler with project's scala-library version: 3.3.8[0m
2026.09.03 16:04:36 INFO  no build target found for /home/bob_lenovo/riscv-isa-implementation/chisel/src/main/scala/alu.scala. Using presentation compiler with project's scala-library version: 3.3.8[0m
2026.09.03 16:04:36 INFO  no build target found for /home/bob_lenovo/riscv-isa-implementation/chisel/src/main/scala/alu.scala. Using presentation compiler with project's scala-library version: 3.3.8[0m
2026.09.03 16:04:36 INFO  no build target found for /home/bob_lenovo/riscv-isa-implementation/chisel/src/main/scala/alu.scala. Using presentation compiler with project's scala-library version: 3.3.8[0m
2026.09.03 16:04:36 INFO  no build target found for /home/bob_lenovo/riscv-isa-implementation/chisel/src/main/scala/alu.scala. Using presentation compiler with project's scala-library version: 3.3.8[0m
2026.09.03 16:04:36 INFO  no build target found for /home/bob_lenovo/riscv-isa-implementation/chisel/src/main/scala/alu.scala. Using presentation compiler with project's scala-library version: 3.3.8[0m
2026.09.03 16:04:36 INFO  no build target found for /home/bob_lenovo/riscv-isa-implementation/chisel/src/main/scala/alu.scala. Using presentation compiler with project's scala-library version: 3.3.8[0m
2026.09.03 16:04:37 WARN  no build target for: /home/bob_lenovo/riscv-isa-implementation/chisel/src/main/scala/alu.scala[0m
2026.09.03 16:04:37 INFO  no build target found for /home/bob_lenovo/riscv-isa-implementation/chisel/src/main/scala/alu.scala. Using presentation compiler with project's scala-library version: 3.3.8[0m
2026.09.03 16:04:44 INFO  no build target found for /home/bob_lenovo/riscv-isa-implementation/chisel/src/main/scala/alu.scala. Using presentation compiler with project's scala-library version: 3.3.8[0m
2026.09.03 16:04:45 INFO  no build target found for /home/bob_lenovo/riscv-isa-implementation/chisel/src/main/scala/alu.scala. Using presentation compiler with project's scala-library version: 3.3.8[0m
2026.09.03 16:04:45 INFO  no build target found for /home/bob_lenovo/riscv-isa-implementation/chisel/src/main/scala/alu.scala. Using presentation compiler with project's scala-library version: 3.3.8[0m
2026.09.03 16:04:45 INFO  no build target found for /home/bob_lenovo/riscv-isa-implementation/chisel/src/main/scala/alu.scala. Using presentation compiler with project's scala-library version: 3.3.8[0m
2026.09.03 16:04:45 INFO  no build target found for /home/bob_lenovo/riscv-isa-implementation/chisel/src/main/scala/alu.scala. Using presentation compiler with project's scala-library version: 3.3.8[0m
2026.09.03 16:04:45 INFO  no build target found for /home/bob_lenovo/riscv-isa-implementation/chisel/src/main/scala/alu.scala. Using presentation compiler with project's scala-library version: 3.3.8[0m
2026.09.03 16:04:45 INFO  no build target found for /home/bob_lenovo/riscv-isa-implementation/chisel/src/main/scala/alu.scala. Using presentation compiler with project's scala-library version: 3.3.8[0m
2026.09.03 16:04:45 INFO  no build target found for /home/bob_lenovo/riscv-isa-implementation/chisel/src/main/scala/alu.scala. Using presentation compiler with project's scala-library version: 3.3.8[0m
2026.09.03 16:04:45 INFO  no build target found for /home/bob_lenovo/riscv-isa-implementation/chisel/src/main/scala/alu.scala. Using presentation compiler with project's scala-library version: 3.3.8[0m
2026.09.03 16:04:46 INFO  no build target found for /home/bob_lenovo/riscv-isa-implementation/chisel/src/main/scala/alu.scala. Using presentation compiler with project's scala-library version: 3.3.8[0m
2026.09.03 16:04:46 INFO  no build target found for /home/bob_lenovo/riscv-isa-implementation/chisel/src/main/scala/alu.scala. Using presentation compiler with project's scala-library version: 3.3.8[0m
2026.09.03 16:04:45 INFO  no build target found for /home/bob_lenovo/riscv-isa-implementation/chisel/src/main/scala/alu.scala. Using presentation compiler with project's scala-library version: 3.3.8[0m
2026.09.03 16:04:46 INFO  no build target found for /home/bob_lenovo/riscv-isa-implementation/chisel/src/main/scala/alu.scala. Using presentation compiler with project's scala-library version: 3.3.8[0m
2026.09.03 16:04:46 INFO  no build target found for /home/bob_lenovo/riscv-isa-implementation/chisel/src/main/scala/alu.scala. Using presentation compiler with project's scala-library version: 3.3.8[0m
2026.09.03 16:04:46 INFO  no build target found for /home/bob_lenovo/riscv-isa-implementation/chisel/src/main/scala/alu.scala. Using presentation compiler with project's scala-library version: 3.3.8[0m
2026.09.03 16:04:46 INFO  no build target found for /home/bob_lenovo/riscv-isa-implementation/chisel/src/main/scala/alu.scala. Using presentation compiler with project's scala-library version: 3.3.8[0m
2026.09.03 16:04:47 INFO  no build target found for /home/bob_lenovo/riscv-isa-implementation/chisel/src/main/scala/alu.scala. Using presentation compiler with project's scala-library version: 3.3.8[0m
2026.09.03 16:04:47 INFO  no build target found for /home/bob_lenovo/riscv-isa-implementation/chisel/src/main/scala/alu.scala. Using presentation compiler with project's scala-library version: 3.3.8[0m
2026.09.03 16:04:47 INFO  no build target found for /home/bob_lenovo/riscv-isa-implementation/chisel/src/main/scala/alu.scala. Using presentation compiler with project's scala-library version: 3.3.8[0m
2026.09.03 16:04:47 INFO  no build target found for /home/bob_lenovo/riscv-isa-implementation/chisel/src/main/scala/alu.scala. Using presentation compiler with project's scala-library version: 3.3.8[0m
2026.09.03 16:04:47 INFO  no build target found for /home/bob_lenovo/riscv-isa-implementation/chisel/src/main/scala/alu.scala. Using presentation compiler with project's scala-library version: 3.3.8[0m
2026.09.03 16:04:47 INFO  no build target found for /home/bob_lenovo/riscv-isa-implementation/chisel/src/main/scala/alu.scala. Using presentation compiler with project's scala-library version: 3.3.8[0m
2026.09.03 16:04:47 INFO  no build target found for /home/bob_lenovo/riscv-isa-implementation/chisel/src/main/scala/alu.scala. Using presentation compiler with project's scala-library version: 3.3.8[0m
2026.09.03 16:04:47 INFO  no build target found for /home/bob_lenovo/riscv-isa-implementation/chisel/src/main/scala/alu.scala. Using presentation compiler with project's scala-library version: 3.3.8[0m
2026.09.03 16:04:48 INFO  no build target found for /home/bob_lenovo/riscv-isa-implementation/chisel/src/main/scala/alu.scala. Using presentation compiler with project's scala-library version: 3.3.8[0m
2026.09.03 16:04:47 INFO  no build target found for /home/bob_lenovo/riscv-isa-implementation/chisel/src/main/scala/alu.scala. Using presentation compiler with project's scala-library version: 3.3.8[0m
2026.09.03 16:04:47 INFO  no build target found for /home/bob_lenovo/riscv-isa-implementation/chisel/src/main/scala/alu.scala. Using presentation compiler with project's scala-library version: 3.3.8[0m
2026.09.03 16:04:48 INFO  no build target found for /home/bob_lenovo/riscv-isa-implementation/chisel/src/main/scala/alu.scala. Using presentation compiler with project's scala-library version: 3.3.8[0m
2026.09.03 16:04:48 INFO  no build target found for /home/bob_lenovo/riscv-isa-implementation/chisel/src/main/scala/alu.scala. Using presentation compiler with project's scala-library version: 3.3.8[0m
2026.09.03 16:04:49 WARN  no build target for: /home/bob_lenovo/riscv-isa-implementation/chisel/src/main/scala/alu.scala[0m
2026.09.03 16:04:48 INFO  no build target found for /home/bob_lenovo/riscv-isa-implementation/chisel/src/main/scala/alu.scala. Using presentation compiler with project's scala-library version: 3.3.8[0m
2026.09.03 16:04:49 INFO  no build target found for /home/bob_lenovo/riscv-isa-implementation/chisel/src/main/scala/alu.scala. Using presentation compiler with project's scala-library version: 3.3.8[0m
2026.09.03 16:04:53 INFO  no build target found for /home/bob_lenovo/riscv-isa-implementation/chisel/src/main/scala/alu.scala. Using presentation compiler with project's scala-library version: 3.3.8[0m
2026.09.03 16:04:54 INFO  no build target found for /home/bob_lenovo/riscv-isa-implementation/chisel/src/main/scala/alu.scala. Using presentation compiler with project's scala-library version: 3.3.8[0m
2026.09.03 16:04:54 INFO  no build target found for /home/bob_lenovo/riscv-isa-implementation/chisel/src/main/scala/alu.scala. Using presentation compiler with project's scala-library version: 3.3.8[0m
2026.09.03 16:04:54 INFO  no build target found for /home/bob_lenovo/riscv-isa-implementation/chisel/src/main/scala/alu.scala. Using presentation compiler with project's scala-library version: 3.3.8[0m
2026.09.03 16:04:54 INFO  no build target found for /home/bob_lenovo/riscv-isa-implementation/chisel/src/main/scala/alu.scala. Using presentation compiler with project's scala-library version: 3.3.8[0m
2026.09.03 16:04:54 INFO  no build target found for /home/bob_lenovo/riscv-isa-implementation/chisel/src/main/scala/alu.scala. Using presentation compiler with project's scala-library version: 3.3.8[0m
2026.09.03 16:04:54 INFO  no build target found for /home/bob_lenovo/riscv-isa-implementation/chisel/src/main/scala/alu.scala. Using presentation compiler with project's scala-library version: 3.3.8[0m
2026.09.03 16:04:54 INFO  no build target found for /home/bob_lenovo/riscv-isa-implementation/chisel/src/main/scala/alu.scala. Using presentation compiler with project's scala-library version: 3.3.8[0m
2026.09.03 16:04:54 INFO  no build target found for /home/bob_lenovo/riscv-isa-implementation/chisel/src/main/scala/alu.scala. Using presentation compiler with project's scala-library version: 3.3.8[0m
2026.09.03 16:04:55 INFO  no build target found for /home/bob_lenovo/riscv-isa-implementation/chisel/src/main/scala/alu.scala. Using presentation compiler with project's scala-library version: 3.3.8[0m
2026.09.03 16:04:55 INFO  no build target found for /home/bob_lenovo/riscv-isa-implementation/chisel/src/main/scala/alu.scala. Using presentation compiler with project's scala-library version: 3.3.8[0m
2026.09.03 16:04:55 INFO  no build target found for /home/bob_lenovo/riscv-isa-implementation/chisel/src/main/scala/alu.scala. Using presentation compiler with project's scala-library version: 3.3.8[0m
2026.09.03 16:04:55 INFO  no build target found for /home/bob_lenovo/riscv-isa-implementation/chisel/src/main/scala/alu.scala. Using presentation compiler with project's scala-library version: 3.3.8[0m
2026.09.03 16:04:55 INFO  no build target found for /home/bob_lenovo/riscv-isa-implementation/chisel/src/main/scala/alu.scala. Using presentation compiler with project's scala-library version: 3.3.8[0m
2026.09.03 16:04:55 INFO  no build target found for /home/bob_lenovo/riscv-isa-implementation/chisel/src/main/scala/alu.scala. Using presentation compiler with project's scala-library version: 3.3.8[0m
2026.09.03 16:04:55 INFO  no build target found for /home/bob_lenovo/riscv-isa-implementation/chisel/src/main/scala/alu.scala. Using presentation compiler with project's scala-library version: 3.3.8[0m
2026.09.03 16:04:55 INFO  no build target found for /home/bob_lenovo/riscv-isa-implementation/chisel/src/main/scala/alu.scala. Using presentation compiler with project's scala-library version: 3.3.8[0m
2026.09.03 16:04:55 INFO  no build target found for /home/bob_lenovo/riscv-isa-implementation/chisel/src/main/scala/alu.scala. Using presentation compiler with project's scala-library version: 3.3.8[0m
2026.09.03 16:04:55 INFO  no build target found for /home/bob_lenovo/riscv-isa-implementation/chisel/src/main/scala/alu.scala. Using presentation compiler with project's scala-library version: 3.3.8[0m
2026.09.03 16:04:55 INFO  no build target found for /home/bob_lenovo/riscv-isa-implementation/chisel/src/main/scala/alu.scala. Using presentation compiler with project's scala-library version: 3.3.8[0m
2026.09.03 16:04:56 INFO  no build target found for /home/bob_lenovo/riscv-isa-implementation/chisel/src/main/scala/alu.scala. Using presentation compiler with project's scala-library version: 3.3.8[0m
2026.09.03 16:04:56 INFO  no build target found for /home/bob_lenovo/riscv-isa-implementation/chisel/src/main/scala/alu.scala. Using presentation compiler with project's scala-library version: 3.3.8[0m
2026.09.03 16:04:57 INFO  no build target found for /home/bob_lenovo/riscv-isa-implementation/chisel/src/main/scala/alu.scala. Using presentation compiler with project's scala-library version: 3.3.8[0m
2026.09.03 16:04:57 WARN  no build target for: /home/bob_lenovo/riscv-isa-implementation/chisel/src/main/scala/alu.scala[0m
2026.09.03 16:04:57 INFO  no build target found for /home/bob_lenovo/riscv-isa-implementation/chisel/src/main/scala/alu.scala. Using presentation compiler with project's scala-library version: 3.3.8[0m
2026.09.03 16:04:57 INFO  no build target found for /home/bob_lenovo/riscv-isa-implementation/chisel/src/main/scala/alu.scala. Using presentation compiler with project's scala-library version: 3.3.8[0m
2026.09.03 16:04:57 INFO  no build target found for /home/bob_lenovo/riscv-isa-implementation/chisel/src/main/scala/alu.scala. Using presentation compiler with project's scala-library version: 3.3.8[0m
2026.09.03 16:13:26 INFO  no build target found for /home/bob_lenovo/riscv-isa-implementation/chisel/src/main/scala/alu.scala. Using presentation compiler with project's scala-library version: 3.3.8[0m
2026.09.03 16:13:27 INFO  no build target found for /home/bob_lenovo/riscv-isa-implementation/chisel/src/main/scala/alu.scala. Using presentation compiler with project's scala-library version: 3.3.8[0m
2026.09.03 16:13:27 INFO  no build target found for /home/bob_lenovo/riscv-isa-implementation/chisel/src/main/scala/alu.scala. Using presentation compiler with project's scala-library version: 3.3.8[0m
2026.09.03 16:13:27 INFO  no build target found for /home/bob_lenovo/riscv-isa-implementation/chisel/src/main/scala/alu.scala. Using presentation compiler with project's scala-library version: 3.3.8[0m
2026.09.03 16:13:27 INFO  no build target found for /home/bob_lenovo/riscv-isa-implementation/chisel/src/main/scala/alu.scala. Using presentation compiler with project's scala-library version: 3.3.8[0m
2026.09.03 16:13:27 WARN  no build target for: /home/bob_lenovo/riscv-isa-implementation/chisel/src/main/scala/alu.scala[0m
2026.09.03 16:13:27 INFO  no build target found for /home/bob_lenovo/riscv-isa-implementation/chisel/src/main/scala/alu.scala. Using presentation compiler with project's scala-library version: 3.3.8[0m
2026.09.03 16:13:27 INFO  no build target found for /home/bob_lenovo/riscv-isa-implementation/chisel/src/main/scala/alu.scala. Using presentation compiler with project's scala-library version: 3.3.8[0m
2026.09.03 16:13:27 INFO  no build target found for /home/bob_lenovo/riscv-isa-implementation/chisel/src/main/scala/alu.scala. Using presentation compiler with project's scala-library version: 3.3.8[0m
2026.09.03 16:13:27 INFO  no build target found for /home/bob_lenovo/riscv-isa-implementation/chisel/src/main/scala/alu.scala. Using presentation compiler with project's scala-library version: 3.3.8[0m
2026.09.03 16:13:27 INFO  no build target found for /home/bob_lenovo/riscv-isa-implementation/chisel/src/main/scala/alu.scala. Using presentation compiler with project's scala-library version: 3.3.8[0m
2026.09.03 16:13:27 INFO  no build target found for /home/bob_lenovo/riscv-isa-implementation/chisel/src/main/scala/alu.scala. Using presentation compiler with project's scala-library version: 3.3.8[0m
2026.09.03 16:13:29 WARN  no build target for: /home/bob_lenovo/riscv-isa-implementation/chisel/src/main/scala/alu.scala[0m
2026.09.03 16:13:29 INFO  no build target found for /home/bob_lenovo/riscv-isa-implementation/chisel/src/main/scala/alu.scala. Using presentation compiler with project's scala-library version: 3.3.8[0m
2026.09.03 16:13:29 INFO  no build target found for /home/bob_lenovo/riscv-isa-implementation/chisel/src/main/scala/alu.scala. Using presentation compiler with project's scala-library version: 3.3.8[0m
2026.09.03 16:13:33 INFO  no build target found for /home/bob_lenovo/riscv-isa-implementation/chisel/src/main/scala/alu.scala. Using presentation compiler with project's scala-library version: 3.3.8[0m
2026.09.03 16:13:33 INFO  no build target found for /home/bob_lenovo/riscv-isa-implementation/chisel/src/main/scala/alu.scala. Using presentation compiler with project's scala-library version: 3.3.8[0m
2026.09.03 16:13:34 INFO  no build target found for /home/bob_lenovo/riscv-isa-implementation/chisel/src/main/scala/alu.scala. Using presentation compiler with project's scala-library version: 3.3.8[0m
2026.09.03 16:13:34 INFO  no build target found for /home/bob_lenovo/riscv-isa-implementation/chisel/src/main/scala/alu.scala. Using presentation compiler with project's scala-library version: 3.3.8[0m
2026.09.03 16:13:34 INFO  no build target found for /home/bob_lenovo/riscv-isa-implementation/chisel/src/main/scala/alu.scala. Using presentation compiler with project's scala-library version: 3.3.8[0m
2026.09.03 16:13:34 INFO  no build target found for /home/bob_lenovo/riscv-isa-implementation/chisel/src/main/scala/alu.scala. Using presentation compiler with project's scala-library version: 3.3.8[0m
2026.09.03 16:13:34 INFO  no build target found for /home/bob_lenovo/riscv-isa-implementation/chisel/src/main/scala/alu.scala. Using presentation compiler with project's scala-library version: 3.3.8[0m
2026.09.03 16:13:34 INFO  no build target found for /home/bob_lenovo/riscv-isa-implementation/chisel/src/main/scala/alu.scala. Using presentation compiler with project's scala-library version: 3.3.8[0m
2026.09.03 16:13:35 INFO  no build target found for /home/bob_lenovo/riscv-isa-implementation/chisel/src/main/scala/alu.scala. Using presentation compiler with project's scala-library version: 3.3.8[0m
2026.09.03 16:13:35 INFO  no build target found for /home/bob_lenovo/riscv-isa-implementation/chisel/src/main/scala/alu.scala. Using presentation compiler with project's scala-library version: 3.3.8[0m
2026.09.03 16:13:35 INFO  no build target found for /home/bob_lenovo/riscv-isa-implementation/chisel/src/main/scala/alu.scala. Using presentation compiler with project's scala-library version: 3.3.8[0m
2026.09.03 16:13:35 INFO  no build target found for /home/bob_lenovo/riscv-isa-implementation/chisel/src/main/scala/alu.scala. Using presentation compiler with project's scala-library version: 3.3.8[0m
2026.09.03 16:13:35 INFO  no build target found for /home/bob_lenovo/riscv-isa-implementation/chisel/src/main/scala/alu.scala. Using presentation compiler with project's scala-library version: 3.3.8[0m
2026.09.03 16:13:35 INFO  no build target found for /home/bob_lenovo/riscv-isa-implementation/chisel/src/main/scala/alu.scala. Using presentation compiler with project's scala-library version: 3.3.8[0m
2026.09.03 16:13:35 INFO  no build target found for /home/bob_lenovo/riscv-isa-implementation/chisel/src/main/scala/alu.scala. Using presentation compiler with project's scala-library version: 3.3.8[0m
2026.09.03 16:13:36 INFO  no build target found for /home/bob_lenovo/riscv-isa-implementation/chisel/src/main/scala/alu.scala. Using presentation compiler with project's scala-library version: 3.3.8[0m
2026.09.03 16:13:35 INFO  no build target found for /home/bob_lenovo/riscv-isa-implementation/chisel/src/main/scala/alu.scala. Using presentation compiler with project's scala-library version: 3.3.8[0m
2026.09.03 16:13:35 INFO  no build target found for /home/bob_lenovo/riscv-isa-implementation/chisel/src/main/scala/alu.scala. Using presentation compiler with project's scala-library version: 3.3.8[0m
2026.09.03 16:13:36 INFO  no build target found for /home/bob_lenovo/riscv-isa-implementation/chisel/src/main/scala/alu.scala. Using presentation compiler with project's scala-library version: 3.3.8[0m
2026.09.03 16:13:36 INFO  no build target found for /home/bob_lenovo/riscv-isa-implementation/chisel/src/main/scala/alu.scala. Using presentation compiler with project's scala-library version: 3.3.8[0m
2026.09.03 16:13:36 INFO  no build target found for /home/bob_lenovo/riscv-isa-implementation/chisel/src/main/scala/alu.scala. Using presentation compiler with project's scala-library version: 3.3.8[0m
2026.09.03 16:13:36 INFO  no build target found for /home/bob_lenovo/riscv-isa-implementation/chisel/src/main/scala/alu.scala. Using presentation compiler with project's scala-library version: 3.3.8[0m
2026.09.03 16:13:36 INFO  no build target found for /home/bob_lenovo/riscv-isa-implementation/chisel/src/main/scala/alu.scala. Using presentation compiler with project's scala-library version: 3.3.8[0m
2026.09.03 16:13:36 INFO  no build target found for /home/bob_lenovo/riscv-isa-implementation/chisel/src/main/scala/alu.scala. Using presentation compiler with project's scala-library version: 3.3.8[0m
2026.09.03 16:13:36 INFO  no build target found for /home/bob_lenovo/riscv-isa-implementation/chisel/src/main/scala/alu.scala. Using presentation compiler with project's scala-library version: 3.3.8[0m
2026.09.03 16:13:36 INFO  no build target found for /home/bob_lenovo/riscv-isa-implementation/chisel/src/main/scala/alu.scala. Using presentation compiler with project's scala-library version: 3.3.8[0m
2026.09.03 16:13:36 INFO  no build target found for /home/bob_lenovo/riscv-isa-implementation/chisel/src/main/scala/alu.scala. Using presentation compiler with project's scala-library version: 3.3.8[0m
2026.09.03 16:13:37 INFO  no build target found for /home/bob_lenovo/riscv-isa-implementation/chisel/src/main/scala/alu.scala. Using presentation compiler with project's scala-library version: 3.3.8[0m
2026.09.03 16:13:37 INFO  no build target found for /home/bob_lenovo/riscv-isa-implementation/chisel/src/main/scala/alu.scala. Using presentation compiler with project's scala-library version: 3.3.8[0m
2026.09.03 16:13:37 INFO  no build target found for /home/bob_lenovo/riscv-isa-implementation/chisel/src/main/scala/alu.scala. Using presentation compiler with project's scala-library version: 3.3.8[0m
2026.09.03 16:13:37 INFO  no build target found for /home/bob_lenovo/riscv-isa-implementation/chisel/src/main/scala/alu.scala. Using presentation compiler with project's scala-library version: 3.3.8[0m
2026.09.03 16:13:38 INFO  no build target found for /home/bob_lenovo/riscv-isa-implementation/chisel/src/main/scala/alu.scala. Using presentation compiler with project's scala-library version: 3.3.8[0m
2026.09.03 16:13:37 INFO  no build target found for /home/bob_lenovo/riscv-isa-implementation/chisel/src/main/scala/alu.scala. Using presentation compiler with project's scala-library version: 3.3.8[0m
2026.09.03 16:13:37 INFO  no build target found for /home/bob_lenovo/riscv-isa-implementation/chisel/src/main/scala/alu.scala. Using presentation compiler with project's scala-library version: 3.3.8[0m
2026.09.03 16:13:37 INFO  no build target found for /home/bob_lenovo/riscv-isa-implementation/chisel/src/main/scala/alu.scala. Using presentation compiler with project's scala-library version: 3.3.8[0m
2026.09.03 16:13:38 INFO  no build target found for /home/bob_lenovo/riscv-isa-implementation/chisel/src/main/scala/alu.scala. Using presentation compiler with project's scala-library version: 3.3.8[0m
2026.09.03 16:13:37 INFO  no build target found for /home/bob_lenovo/riscv-isa-implementation/chisel/src/main/scala/alu.scala. Using presentation compiler with project's scala-library version: 3.3.8[0m
2026.09.03 16:13:37 INFO  no build target found for /home/bob_lenovo/riscv-isa-implementation/chisel/src/main/scala/alu.scala. Using presentation compiler with project's scala-library version: 3.3.8[0m
2026.09.03 16:13:38 INFO  no build target found for /home/bob_lenovo/riscv-isa-implementation/chisel/src/main/scala/alu.scala. Using presentation compiler with project's scala-library version: 3.3.8[0m
2026.09.03 16:13:38 INFO  no build target found for /home/bob_lenovo/riscv-isa-implementation/chisel/src/main/scala/alu.scala. Using presentation compiler with project's scala-library version: 3.3.8[0m
2026.09.03 16:13:38 INFO  no build target found for /home/bob_lenovo/riscv-isa-implementation/chisel/src/main/scala/alu.scala. Using presentation compiler with project's scala-library version: 3.3.8[0m
2026.09.03 16:13:38 INFO  no build target found for /home/bob_lenovo/riscv-isa-implementation/chisel/src/main/scala/alu.scala. Using presentation compiler with project's scala-library version: 3.3.8[0m
2026.09.03 16:13:38 INFO  no build target found for /home/bob_lenovo/riscv-isa-implementation/chisel/src/main/scala/alu.scala. Using presentation compiler with project's scala-library version: 3.3.8[0m
2026.09.03 16:13:38 INFO  no build target found for /home/bob_lenovo/riscv-isa-implementation/chisel/src/main/scala/alu.scala. Using presentation compiler with project's scala-library version: 3.3.8[0m
2026.09.03 16:13:38 INFO  no build target found for /home/bob_lenovo/riscv-isa-implementation/chisel/src/main/scala/alu.scala. Using presentation compiler with project's scala-library version: 3.3.8[0m
2026.09.03 16:13:38 INFO  no build target found for /home/bob_lenovo/riscv-isa-implementation/chisel/src/main/scala/alu.scala. Using presentation compiler with project's scala-library version: 3.3.8[0m
2026.09.03 16:13:38 INFO  no build target found for /home/bob_lenovo/riscv-isa-implementation/chisel/src/main/scala/alu.scala. Using presentation compiler with project's scala-library version: 3.3.8[0m
2026.09.03 16:13:38 INFO  no build target found for /home/bob_lenovo/riscv-isa-implementation/chisel/src/main/scala/alu.scala. Using presentation compiler with project's scala-library version: 3.3.8[0m
2026.09.03 16:13:38 INFO  no build target found for /home/bob_lenovo/riscv-isa-implementation/chisel/src/main/scala/alu.scala. Using presentation compiler with project's scala-library version: 3.3.8[0m
2026.09.03 16:13:39 INFO  no build target found for /home/bob_lenovo/riscv-isa-implementation/chisel/src/main/scala/alu.scala. Using presentation compiler with project's scala-library version: 3.3.8[0m
2026.09.03 16:13:40 INFO  no build target found for /home/bob_lenovo/riscv-isa-implementation/chisel/src/main/scala/alu.scala. Using presentation compiler with project's scala-library version: 3.3.8[0m
2026.09.03 16:13:40 INFO  no build target found for /home/bob_lenovo/riscv-isa-implementation/chisel/src/main/scala/alu.scala. Using presentation compiler with project's scala-library version: 3.3.8[0m
2026.09.03 16:13:40 INFO  no build target found for /home/bob_lenovo/riscv-isa-implementation/chisel/src/main/scala/alu.scala. Using presentation compiler with project's scala-library version: 3.3.8[0m
2026.09.03 16:13:40 INFO  no build target found for /home/bob_lenovo/riscv-isa-implementation/chisel/src/main/scala/alu.scala. Using presentation compiler with project's scala-library version: 3.3.8[0m
2026.09.03 16:13:40 INFO  no build target found for /home/bob_lenovo/riscv-isa-implementation/chisel/src/main/scala/alu.scala. Using presentation compiler with project's scala-library version: 3.3.8[0m
2026.09.03 16:13:40 INFO  no build target found for /home/bob_lenovo/riscv-isa-implementation/chisel/src/main/scala/alu.scala. Using presentation compiler with project's scala-library version: 3.3.8[0m
2026.09.03 16:13:40 INFO  no build target found for /home/bob_lenovo/riscv-isa-implementation/chisel/src/main/scala/alu.scala. Using presentation compiler with project's scala-library version: 3.3.8[0m
2026.09.03 16:13:40 INFO  no build target found for /home/bob_lenovo/riscv-isa-implementation/chisel/src/main/scala/alu.scala. Using presentation compiler with project's scala-library version: 3.3.8[0m
2026.09.03 16:13:40 INFO  no build target found for /home/bob_lenovo/riscv-isa-implementation/chisel/src/main/scala/alu.scala. Using presentation compiler with project's scala-library version: 3.3.8[0m
2026.09.03 16:13:40 INFO  no build target found for /home/bob_lenovo/riscv-isa-implementation/chisel/src/main/scala/alu.scala. Using presentation compiler with project's scala-library version: 3.3.8[0m
2026.09.03 16:13:40 INFO  no build target found for /home/bob_lenovo/riscv-isa-implementation/chisel/src/main/scala/alu.scala. Using presentation compiler with project's scala-library version: 3.3.8[0m
2026.09.03 16:13:40 INFO  no build target found for /home/bob_lenovo/riscv-isa-implementation/chisel/src/main/scala/alu.scala. Using presentation compiler with project's scala-library version: 3.3.8[0m
2026.09.03 16:13:41 INFO  no build target found for /home/bob_lenovo/riscv-isa-implementation/chisel/src/main/scala/alu.scala. Using presentation compiler with project's scala-library version: 3.3.8[0m
2026.09.03 16:13:41 INFO  no build target found for /home/bob_lenovo/riscv-isa-implementation/chisel/src/main/scala/alu.scala. Using presentation compiler with project's scala-library version: 3.3.8[0m
2026.09.03 16:13:41 INFO  no build target found for /home/bob_lenovo/riscv-isa-implementation/chisel/src/main/scala/alu.scala. Using presentation compiler with project's scala-library version: 3.3.8[0m
2026.09.03 16:13:41 INFO  no build target found for /home/bob_lenovo/riscv-isa-implementation/chisel/src/main/scala/alu.scala. Using presentation compiler with project's scala-library version: 3.3.8[0m
2026.09.03 16:13:40 INFO  no build target found for /home/bob_lenovo/riscv-isa-implementation/chisel/src/main/scala/alu.scala. Using presentation compiler with project's scala-library version: 3.3.8[0m
2026.09.03 16:13:41 INFO  no build target found for /home/bob_lenovo/riscv-isa-implementation/chisel/src/main/scala/alu.scala. Using presentation compiler with project's scala-library version: 3.3.8[0m
2026.09.03 16:13:42 INFO  no build target found for /home/bob_lenovo/riscv-isa-implementation/chisel/src/main/scala/alu.scala. Using presentation compiler with project's scala-library version: 3.3.8[0m
2026.09.03 16:13:42 INFO  no build target found for /home/bob_lenovo/riscv-isa-implementation/chisel/src/main/scala/alu.scala. Using presentation compiler with project's scala-library version: 3.3.8[0m
2026.09.03 16:13:42 WARN  no build target for: /home/bob_lenovo/riscv-isa-implementation/chisel/src/main/scala/alu.scala[0m
2026.09.03 16:13:42 INFO  no build target found for /home/bob_lenovo/riscv-isa-implementation/chisel/src/main/scala/alu.scala. Using presentation compiler with project's scala-library version: 3.3.8[0m
2026.09.03 16:13:42 INFO  no build target found for /home/bob_lenovo/riscv-isa-implementation/chisel/src/main/scala/alu.scala. Using presentation compiler with project's scala-library version: 3.3.8[0m
2026.09.03 16:13:42 INFO  no build target found for /home/bob_lenovo/riscv-isa-implementation/chisel/src/main/scala/alu.scala. Using presentation compiler with project's scala-library version: 3.3.8[0m
2026.09.03 16:13:42 INFO  no build target found for /home/bob_lenovo/riscv-isa-implementation/chisel/src/main/scala/alu.scala. Using presentation compiler with project's scala-library version: 3.3.8[0m
2026.09.03 16:13:42 INFO  no build target found for /home/bob_lenovo/riscv-isa-implementation/chisel/src/main/scala/alu.scala. Using presentation compiler with project's scala-library version: 3.3.8[0m
2026.09.03 16:13:42 INFO  no build target found for /home/bob_lenovo/riscv-isa-implementation/chisel/src/main/scala/alu.scala. Using presentation compiler with project's scala-library version: 3.3.8[0m
2026.09.03 16:13:42 INFO  no build target found for /home/bob_lenovo/riscv-isa-implementation/chisel/src/main/scala/alu.scala. Using presentation compiler with project's scala-library version: 3.3.8[0m
2026.09.03 16:13:43 INFO  no build target found for /home/bob_lenovo/riscv-isa-implementation/chisel/src/main/scala/alu.scala. Using presentation compiler with project's scala-library version: 3.3.8[0m
2026.09.03 16:13:43 INFO  no build target found for /home/bob_lenovo/riscv-isa-implementation/chisel/src/main/scala/alu.scala. Using presentation compiler with project's scala-library version: 3.3.8[0m
2026.09.03 16:13:43 INFO  no build target found for /home/bob_lenovo/riscv-isa-implementation/chisel/src/main/scala/alu.scala. Using presentation compiler with project's scala-library version: 3.3.8[0m
2026.09.03 16:13:43 INFO  no build target found for /home/bob_lenovo/riscv-isa-implementation/chisel/src/main/scala/alu.scala. Using presentation compiler with project's scala-library version: 3.3.8[0m
2026.09.03 16:13:43 INFO  no build target found for /home/bob_lenovo/riscv-isa-implementation/chisel/src/main/scala/alu.scala. Using presentation compiler with project's scala-library version: 3.3.8[0m
2026.09.03 16:13:43 INFO  no build target found for /home/bob_lenovo/riscv-isa-implementation/chisel/src/main/scala/alu.scala. Using presentation compiler with project's scala-library version: 3.3.8[0m
2026.09.03 16:13:43 INFO  no build target found for /home/bob_lenovo/riscv-isa-implementation/chisel/src/main/scala/alu.scala. Using presentation compiler with project's scala-library version: 3.3.8[0m
2026.09.03 16:13:43 INFO  no build target found for /home/bob_lenovo/riscv-isa-implementation/chisel/src/main/scala/alu.scala. Using presentation compiler with project's scala-library version: 3.3.8[0m
2026.09.03 16:13:43 INFO  no build target found for /home/bob_lenovo/riscv-isa-implementation/chisel/src/main/scala/alu.scala. Using presentation compiler with project's scala-library version: 3.3.8[0m
2026.09.03 16:13:43 INFO  no build target found for /home/bob_lenovo/riscv-isa-implementation/chisel/src/main/scala/alu.scala. Using presentation compiler with project's scala-library version: 3.3.8[0m
2026.09.03 16:13:43 INFO  no build target found for /home/bob_lenovo/riscv-isa-implementation/chisel/src/main/scala/alu.scala. Using presentation compiler with project's scala-library version: 3.3.8[0m
2026.09.03 16:13:44 INFO  no build target found for /home/bob_lenovo/riscv-isa-implementation/chisel/src/main/scala/alu.scala. Using presentation compiler with project's scala-library version: 3.3.8[0m
2026.09.03 16:13:44 INFO  no build target found for /home/bob_lenovo/riscv-isa-implementation/chisel/src/main/scala/alu.scala. Using presentation compiler with project's scala-library version: 3.3.8[0m
2026.09.03 16:13:45 WARN  no build target for: /home/bob_lenovo/riscv-isa-implementation/chisel/src/main/scala/alu.scala[0m
2026.09.03 16:13:44 INFO  no build target found for /home/bob_lenovo/riscv-isa-implementation/chisel/src/main/scala/alu.scala. Using presentation compiler with project's scala-library version: 3.3.8[0m
2026.09.03 16:13:45 INFO  no build target found for /home/bob_lenovo/riscv-isa-implementation/chisel/src/main/scala/alu.scala. Using presentation compiler with project's scala-library version: 3.3.8[0m
2026.09.03 16:13:46 INFO  no build target found for /home/bob_lenovo/riscv-isa-implementation/chisel/src/main/scala/alu.scala. Using presentation compiler with project's scala-library version: 3.3.8[0m
2026.09.03 16:13:46 INFO  no build target found for /home/bob_lenovo/riscv-isa-implementation/chisel/src/main/scala/alu.scala. Using presentation compiler with project's scala-library version: 3.3.8[0m
2026.09.03 16:13:46 INFO  no build target found for /home/bob_lenovo/riscv-isa-implementation/chisel/src/main/scala/alu.scala. Using presentation compiler with project's scala-library version: 3.3.8[0m
2026.09.03 16:13:46 INFO  no build target found for /home/bob_lenovo/riscv-isa-implementation/chisel/src/main/scala/alu.scala. Using presentation compiler with project's scala-library version: 3.3.8[0m
2026.09.03 16:13:46 INFO  no build target found for /home/bob_lenovo/riscv-isa-implementation/chisel/src/main/scala/alu.scala. Using presentation compiler with project's scala-library version: 3.3.8[0m
2026.09.03 16:13:47 INFO  no build target found for /home/bob_lenovo/riscv-isa-implementation/chisel/src/main/scala/alu.scala. Using presentation compiler with project's scala-library version: 3.3.8[0m
2026.09.03 16:13:47 INFO  no build target found for /home/bob_lenovo/riscv-isa-implementation/chisel/src/main/scala/alu.scala. Using presentation compiler with project's scala-library version: 3.3.8[0m
2026.09.03 16:13:47 INFO  no build target found for /home/bob_lenovo/riscv-isa-implementation/chisel/src/main/scala/alu.scala. Using presentation compiler with project's scala-library version: 3.3.8[0m
2026.09.03 16:13:47 INFO  no build target found for /home/bob_lenovo/riscv-isa-implementation/chisel/src/main/scala/alu.scala. Using presentation compiler with project's scala-library version: 3.3.8[0m
2026.09.03 16:13:47 INFO  no build target found for /home/bob_lenovo/riscv-isa-implementation/chisel/src/main/scala/alu.scala. Using presentation compiler with project's scala-library version: 3.3.8[0m
2026.09.03 16:13:47 INFO  no build target found for /home/bob_lenovo/riscv-isa-implementation/chisel/src/main/scala/alu.scala. Using presentation compiler with project's scala-library version: 3.3.8[0m
2026.09.03 16:13:47 INFO  no build target found for /home/bob_lenovo/riscv-isa-implementation/chisel/src/main/scala/alu.scala. Using presentation compiler with project's scala-library version: 3.3.8[0m
2026.09.03 16:13:47 INFO  no build target found for /home/bob_lenovo/riscv-isa-implementation/chisel/src/main/scala/alu.scala. Using presentation compiler with project's scala-library version: 3.3.8[0m
2026.09.03 16:13:47 INFO  no build target found for /home/bob_lenovo/riscv-isa-implementation/chisel/src/main/scala/alu.scala. Using presentation compiler with project's scala-library version: 3.3.8[0m
2026.09.03 16:13:47 INFO  no build target found for /home/bob_lenovo/riscv-isa-implementation/chisel/src/main/scala/alu.scala. Using presentation compiler with project's scala-library version: 3.3.8[0m
2026.09.03 16:13:47 INFO  no build target found for /home/bob_lenovo/riscv-isa-implementation/chisel/src/main/scala/alu.scala. Using presentation compiler with project's scala-library version: 3.3.8[0m
2026.09.03 16:13:47 INFO  no build target found for /home/bob_lenovo/riscv-isa-implementation/chisel/src/main/scala/alu.scala. Using presentation compiler with project's scala-library version: 3.3.8[0m
2026.09.03 16:13:47 INFO  no build target found for /home/bob_lenovo/riscv-isa-implementation/chisel/src/main/scala/alu.scala. Using presentation compiler with project's scala-library version: 3.3.8[0m
2026.09.03 16:13:48 INFO  no build target found for /home/bob_lenovo/riscv-isa-implementation/chisel/src/main/scala/alu.scala. Using presentation compiler with project's scala-library version: 3.3.8[0m
2026.09.03 16:13:48 INFO  no build target found for /home/bob_lenovo/riscv-isa-implementation/chisel/src/main/scala/alu.scala. Using presentation compiler with project's scala-library version: 3.3.8[0m
2026.09.03 16:13:48 INFO  no build target found for /home/bob_lenovo/riscv-isa-implementation/chisel/src/main/scala/alu.scala. Using presentation compiler with project's scala-library version: 3.3.8[0m
2026.09.03 16:13:48 INFO  no build target found for /home/bob_lenovo/riscv-isa-implementation/chisel/src/main/scala/alu.scala. Using presentation compiler with project's scala-library version: 3.3.8[0m
2026.09.03 16:13:48 INFO  no build target found for /home/bob_lenovo/riscv-isa-implementation/chisel/src/main/scala/alu.scala. Using presentation compiler with project's scala-library version: 3.3.8[0m
2026.09.03 16:13:48 INFO  no build target found for /home/bob_lenovo/riscv-isa-implementation/chisel/src/main/scala/alu.scala. Using presentation compiler with project's scala-library version: 3.3.8[0m
2026.09.03 16:13:48 INFO  no build target found for /home/bob_lenovo/riscv-isa-implementation/chisel/src/main/scala/alu.scala. Using presentation compiler with project's scala-library version: 3.3.8[0m
2026.09.03 16:13:48 INFO  no build target found for /home/bob_lenovo/riscv-isa-implementation/chisel/src/main/scala/alu.scala. Using presentation compiler with project's scala-library version: 3.3.8[0m
2026.09.03 16:13:48 INFO  no build target found for /home/bob_lenovo/riscv-isa-implementation/chisel/src/main/scala/alu.scala. Using presentation compiler with project's scala-library version: 3.3.8[0m
2026.09.03 16:13:48 INFO  no build target found for /home/bob_lenovo/riscv-isa-implementation/chisel/src/main/scala/alu.scala. Using presentation compiler with project's scala-library version: 3.3.8[0m
2026.09.03 16:13:48 INFO  no build target found for /home/bob_lenovo/riscv-isa-implementation/chisel/src/main/scala/alu.scala. Using presentation compiler with project's scala-library version: 3.3.8[0m
2026.09.03 16:13:48 INFO  no build target found for /home/bob_lenovo/riscv-isa-implementation/chisel/src/main/scala/alu.scala. Using presentation compiler with project's scala-library version: 3.3.8[0m
2026.09.03 16:13:48 INFO  no build target found for /home/bob_lenovo/riscv-isa-implementation/chisel/src/main/scala/alu.scala. Using presentation compiler with project's scala-library version: 3.3.8[0m
2026.09.03 16:13:48 INFO  no build target found for /home/bob_lenovo/riscv-isa-implementation/chisel/src/main/scala/alu.scala. Using presentation compiler with project's scala-library version: 3.3.8[0m
2026.09.03 16:13:48 INFO  no build target found for /home/bob_lenovo/riscv-isa-implementation/chisel/src/main/scala/alu.scala. Using presentation compiler with project's scala-library version: 3.3.8[0m
2026.09.03 16:13:50 INFO  no build target found for /home/bob_lenovo/riscv-isa-implementation/chisel/src/main/scala/alu.scala. Using presentation compiler with project's scala-library version: 3.3.8[0m
2026.09.03 16:13:50 WARN  no build target for: /home/bob_lenovo/riscv-isa-implementation/chisel/src/main/scala/alu.scala[0m
2026.09.03 16:13:50 INFO  no build target found for /home/bob_lenovo/riscv-isa-implementation/chisel/src/main/scala/alu.scala. Using presentation compiler with project's scala-library version: 3.3.8[0m
2026.09.03 16:13:52 INFO  no build target found for /home/bob_lenovo/riscv-isa-implementation/chisel/src/main/scala/alu.scala. Using presentation compiler with project's scala-library version: 3.3.8[0m
2026.09.03 16:13:52 INFO  no build target found for /home/bob_lenovo/riscv-isa-implementation/chisel/src/main/scala/alu.scala. Using presentation compiler with project's scala-library version: 3.3.8[0m
2026.09.03 16:13:52 INFO  no build target found for /home/bob_lenovo/riscv-isa-implementation/chisel/src/main/scala/alu.scala. Using presentation compiler with project's scala-library version: 3.3.8[0m
2026.09.03 16:13:52 INFO  no build target found for /home/bob_lenovo/riscv-isa-implementation/chisel/src/main/scala/alu.scala. Using presentation compiler with project's scala-library version: 3.3.8[0m
2026.09.03 16:13:52 INFO  no build target found for /home/bob_lenovo/riscv-isa-implementation/chisel/src/main/scala/alu.scala. Using presentation compiler with project's scala-library version: 3.3.8[0m
2026.09.03 16:13:52 INFO  no build target found for /home/bob_lenovo/riscv-isa-implementation/chisel/src/main/scala/alu.scala. Using presentation compiler with project's scala-library version: 3.3.8[0m
2026.09.03 16:13:52 INFO  no build target found for /home/bob_lenovo/riscv-isa-implementation/chisel/src/main/scala/alu.scala. Using presentation compiler with project's scala-library version: 3.3.8[0m
2026.09.03 16:13:52 INFO  no build target found for /home/bob_lenovo/riscv-isa-implementation/chisel/src/main/scala/alu.scala. Using presentation compiler with project's scala-library version: 3.3.8[0m
2026.09.03 16:13:52 INFO  no build target found for /home/bob_lenovo/riscv-isa-implementation/chisel/src/main/scala/alu.scala. Using presentation compiler with project's scala-library version: 3.3.8[0m
2026.09.03 16:13:53 INFO  no build target found for /home/bob_lenovo/riscv-isa-implementation/chisel/src/main/scala/alu.scala. Using presentation compiler with project's scala-library version: 3.3.8[0m
2026.09.03 16:13:53 INFO  no build target found for /home/bob_lenovo/riscv-isa-implementation/chisel/src/main/scala/alu.scala. Using presentation compiler with project's scala-library version: 3.3.8[0m
2026.09.03 16:13:53 INFO  no build target found for /home/bob_lenovo/riscv-isa-implementation/chisel/src/main/scala/alu.scala. Using presentation compiler with project's scala-library version: 3.3.8[0m
2026.09.03 16:13:53 INFO  no build target found for /home/bob_lenovo/riscv-isa-implementation/chisel/src/main/scala/alu.scala. Using presentation compiler with project's scala-library version: 3.3.8[0m
2026.09.03 16:13:53 INFO  no build target found for /home/bob_lenovo/riscv-isa-implementation/chisel/src/main/scala/alu.scala. Using presentation compiler with project's scala-library version: 3.3.8[0m
2026.09.03 16:13:53 INFO  no build target found for /home/bob_lenovo/riscv-isa-implementation/chisel/src/main/scala/alu.scala. Using presentation compiler with project's scala-library version: 3.3.8[0m
2026.09.03 16:13:54 INFO  no build target found for /home/bob_lenovo/riscv-isa-implementation/chisel/src/main/scala/alu.scala. Using presentation compiler with project's scala-library version: 3.3.8[0m
2026.09.03 16:13:54 INFO  no build target found for /home/bob_lenovo/riscv-isa-implementation/chisel/src/main/scala/alu.scala. Using presentation compiler with project's scala-library version: 3.3.8[0m
2026.09.03 16:13:54 INFO  no build target found for /home/bob_lenovo/riscv-isa-implementation/chisel/src/main/scala/alu.scala. Using presentation compiler with project's scala-library version: 3.3.8[0m
2026.09.03 16:13:54 INFO  no build target found for /home/bob_lenovo/riscv-isa-implementation/chisel/src/main/scala/alu.scala. Using presentation compiler with project's scala-library version: 3.3.8[0m
2026.09.03 16:13:54 INFO  no build target found for /home/bob_lenovo/riscv-isa-implementation/chisel/src/main/scala/alu.scala. Using presentation compiler with project's scala-library version: 3.3.8[0m
2026.09.03 16:13:54 INFO  no build target found for /home/bob_lenovo/riscv-isa-implementation/chisel/src/main/scala/alu.scala. Using presentation compiler with project's scala-library version: 3.3.8[0m
2026.09.03 16:13:54 INFO  no build target found for /home/bob_lenovo/riscv-isa-implementation/chisel/src/main/scala/alu.scala. Using presentation compiler with project's scala-library version: 3.3.8[0m
2026.09.03 16:13:54 INFO  no build target found for /home/bob_lenovo/riscv-isa-implementation/chisel/src/main/scala/alu.scala. Using presentation compiler with project's scala-library version: 3.3.8[0m
2026.09.03 16:13:54 INFO  no build target found for /home/bob_lenovo/riscv-isa-implementation/chisel/src/main/scala/alu.scala. Using presentation compiler with project's scala-library version: 3.3.8[0m
2026.09.03 16:13:54 INFO  no build target found for /home/bob_lenovo/riscv-isa-implementation/chisel/src/main/scala/alu.scala. Using presentation compiler with project's scala-library version: 3.3.8[0m
2026.09.03 16:13:54 INFO  no build target found for /home/bob_lenovo/riscv-isa-implementation/chisel/src/main/scala/alu.scala. Using presentation compiler with project's scala-library version: 3.3.8[0m
2026.09.03 16:13:54 INFO  no build target found for /home/bob_lenovo/riscv-isa-implementation/chisel/src/main/scala/alu.scala. Using presentation compiler with project's scala-library version: 3.3.8[0m
2026.09.03 16:13:55 INFO  no build target found for /home/bob_lenovo/riscv-isa-implementation/chisel/src/main/scala/alu.scala. Using presentation compiler with project's scala-library version: 3.3.8[0m
2026.09.03 16:13:55 INFO  no build target found for /home/bob_lenovo/riscv-isa-implementation/chisel/src/main/scala/alu.scala. Using presentation compiler with project's scala-library version: 3.3.8[0m
2026.09.03 16:13:55 INFO  no build target found for /home/bob_lenovo/riscv-isa-implementation/chisel/src/main/scala/alu.scala. Using presentation compiler with project's scala-library version: 3.3.8[0m
2026.09.03 16:13:55 INFO  no build target found for /home/bob_lenovo/riscv-isa-implementation/chisel/src/main/scala/alu.scala. Using presentation compiler with project's scala-library version: 3.3.8[0m
2026.09.03 16:13:55 INFO  no build target found for /home/bob_lenovo/riscv-isa-implementation/chisel/src/main/scala/alu.scala. Using presentation compiler with project's scala-library version: 3.3.8[0m
2026.09.03 16:13:55 INFO  no build target found for /home/bob_lenovo/riscv-isa-implementation/chisel/src/main/scala/alu.scala. Using presentation compiler with project's scala-library version: 3.3.8[0m
2026.09.03 16:13:55 INFO  no build target found for /home/bob_lenovo/riscv-isa-implementation/chisel/src/main/scala/alu.scala. Using presentation compiler with project's scala-library version: 3.3.8[0m
2026.09.03 16:13:57 INFO  no build target found for /home/bob_lenovo/riscv-isa-implementation/chisel/src/main/scala/alu.scala. Using presentation compiler with project's scala-library version: 3.3.8[0m
2026.09.03 16:13:57 WARN  no build target for: /home/bob_lenovo/riscv-isa-implementation/chisel/src/main/scala/alu.scala[0m
2026.09.03 16:13:57 INFO  no build target found for /home/bob_lenovo/riscv-isa-implementation/chisel/src/main/scala/alu.scala. Using presentation compiler with project's scala-library version: 3.3.8[0m
2026.09.03 16:13:57 INFO  no build target found for /home/bob_lenovo/riscv-isa-implementation/chisel/src/main/scala/alu.scala. Using presentation compiler with project's scala-library version: 3.3.8[0m
2026.09.03 16:13:57 INFO  no build target found for /home/bob_lenovo/riscv-isa-implementation/chisel/src/main/scala/alu.scala. Using presentation compiler with project's scala-library version: 3.3.8[0m
2026.09.03 16:13:58 INFO  no build target found for /home/bob_lenovo/riscv-isa-implementation/chisel/src/main/scala/alu.scala. Using presentation compiler with project's scala-library version: 3.3.8[0m
2026.09.03 16:13:58 INFO  no build target found for /home/bob_lenovo/riscv-isa-implementation/chisel/src/main/scala/alu.scala. Using presentation compiler with project's scala-library version: 3.3.8[0m
2026.09.03 16:13:58 WARN  no build target for: /home/bob_lenovo/riscv-isa-implementation/chisel/src/main/scala/alu.scala[0m
2026.09.03 16:13:58 INFO  no build target found for /home/bob_lenovo/riscv-isa-implementation/chisel/src/main/scala/alu.scala. Using presentation compiler with project's scala-library version: 3.3.8[0m
2026.09.03 16:14:01 INFO  no build target found for /home/bob_lenovo/riscv-isa-implementation/chisel/src/main/scala/alu.scala. Using presentation compiler with project's scala-library version: 3.3.8[0m
2026.09.03 16:14:01 INFO  no build target found for /home/bob_lenovo/riscv-isa-implementation/chisel/src/main/scala/alu.scala. Using presentation compiler with project's scala-library version: 3.3.8[0m
2026.09.03 16:14:01 INFO  no build target found for /home/bob_lenovo/riscv-isa-implementation/chisel/src/main/scala/alu.scala. Using presentation compiler with project's scala-library version: 3.3.8[0m
2026.09.03 16:14:01 INFO  no build target found for /home/bob_lenovo/riscv-isa-implementation/chisel/src/main/scala/alu.scala. Using presentation compiler with project's scala-library version: 3.3.8[0m
2026.09.03 16:14:01 INFO  no build target found for /home/bob_lenovo/riscv-isa-implementation/chisel/src/main/scala/alu.scala. Using presentation compiler with project's scala-library version: 3.3.8[0m
2026.09.03 16:14:01 INFO  no build target found for /home/bob_lenovo/riscv-isa-implementation/chisel/src/main/scala/alu.scala. Using presentation compiler with project's scala-library version: 3.3.8[0m
2026.09.03 16:14:02 INFO  no build target found for /home/bob_lenovo/riscv-isa-implementation/chisel/src/main/scala/alu.scala. Using presentation compiler with project's scala-library version: 3.3.8[0m
2026.09.03 16:14:02 INFO  no build target found for /home/bob_lenovo/riscv-isa-implementation/chisel/src/main/scala/alu.scala. Using presentation compiler with project's scala-library version: 3.3.8[0m
2026.09.03 16:14:02 INFO  no build target found for /home/bob_lenovo/riscv-isa-implementation/chisel/src/main/scala/alu.scala. Using presentation compiler with project's scala-library version: 3.3.8[0m
2026.09.03 16:14:02 INFO  no build target found for /home/bob_lenovo/riscv-isa-implementation/chisel/src/main/scala/alu.scala. Using presentation compiler with project's scala-library version: 3.3.8[0m
2026.09.03 16:14:03 INFO  no build target found for /home/bob_lenovo/riscv-isa-implementation/chisel/src/main/scala/alu.scala. Using presentation compiler with project's scala-library version: 3.3.8[0m
2026.09.03 16:14:03 WARN  no build target for: /home/bob_lenovo/riscv-isa-implementation/chisel/src/main/scala/alu.scala[0m
2026.09.03 16:14:03 INFO  no build target found for /home/bob_lenovo/riscv-isa-implementation/chisel/src/main/scala/alu.scala. Using presentation compiler with project's scala-library version: 3.3.8[0m
2026.09.03 16:14:03 INFO  no build target found for /home/bob_lenovo/riscv-isa-implementation/chisel/src/main/scala/alu.scala. Using presentation compiler with project's scala-library version: 3.3.8[0m
2026.09.03 16:14:04 INFO  no build target found for /home/bob_lenovo/riscv-isa-implementation/chisel/src/main/scala/alu.scala. Using presentation compiler with project's scala-library version: 3.3.8[0m
2026.09.03 16:14:05 INFO  no build target found for /home/bob_lenovo/riscv-isa-implementation/chisel/src/main/scala/alu.scala. Using presentation compiler with project's scala-library version: 3.3.8[0m
2026.09.03 16:14:05 INFO  no build target found for /home/bob_lenovo/riscv-isa-implementation/chisel/src/main/scala/alu.scala. Using presentation compiler with project's scala-library version: 3.3.8[0m
2026.09.03 16:14:17 INFO  no build target found for /home/bob_lenovo/riscv-isa-implementation/chisel/src/main/scala/alu.scala. Using presentation compiler with project's scala-library version: 3.3.8[0m
2026.09.03 16:14:17 INFO  no build target found for /home/bob_lenovo/riscv-isa-implementation/chisel/src/main/scala/alu.scala. Using presentation compiler with project's scala-library version: 3.3.8[0m
2026.09.03 16:14:17 INFO  no build target found for /home/bob_lenovo/riscv-isa-implementation/chisel/src/main/scala/alu.scala. Using presentation compiler with project's scala-library version: 3.3.8[0m
2026.09.03 16:14:17 INFO  no build target found for /home/bob_lenovo/riscv-isa-implementation/chisel/src/main/scala/alu.scala. Using presentation compiler with project's scala-library version: 3.3.8[0m
2026.09.03 16:14:18 INFO  no build target found for /home/bob_lenovo/riscv-isa-implementation/chisel/src/main/scala/alu.scala. Using presentation compiler with project's scala-library version: 3.3.8[0m
2026.09.03 16:14:17 INFO  no build target found for /home/bob_lenovo/riscv-isa-implementation/chisel/src/main/scala/alu.scala. Using presentation compiler with project's scala-library version: 3.3.8[0m
2026.09.03 16:14:17 INFO  no build target found for /home/bob_lenovo/riscv-isa-implementation/chisel/src/main/scala/alu.scala. Using presentation compiler with project's scala-library version: 3.3.8[0m
2026.09.03 16:14:19 INFO  no build target found for /home/bob_lenovo/riscv-isa-implementation/chisel/src/main/scala/alu.scala. Using presentation compiler with project's scala-library version: 3.3.8[0m
2026.09.03 16:14:19 INFO  no build target found for /home/bob_lenovo/riscv-isa-implementation/chisel/src/main/scala/alu.scala. Using presentation compiler with project's scala-library version: 3.3.8[0m
2026.09.03 16:14:19 INFO  no build target found for /home/bob_lenovo/riscv-isa-implementation/chisel/src/main/scala/alu.scala. Using presentation compiler with project's scala-library version: 3.3.8[0m
2026.09.03 16:14:19 INFO  no build target found for /home/bob_lenovo/riscv-isa-implementation/chisel/src/main/scala/alu.scala. Using presentation compiler with project's scala-library version: 3.3.8[0m
2026.09.03 16:14:18 INFO  no build target found for /home/bob_lenovo/riscv-isa-implementation/chisel/src/main/scala/alu.scala. Using presentation compiler with project's scala-library version: 3.3.8[0m
2026.09.03 16:14:19 INFO  no build target found for /home/bob_lenovo/riscv-isa-implementation/chisel/src/main/scala/alu.scala. Using presentation compiler with project's scala-library version: 3.3.8[0m
2026.09.03 16:14:19 INFO  no build target found for /home/bob_lenovo/riscv-isa-implementation/chisel/src/main/scala/alu.scala. Using presentation compiler with project's scala-library version: 3.3.8[0m
2026.09.03 16:14:19 INFO  no build target found for /home/bob_lenovo/riscv-isa-implementation/chisel/src/main/scala/alu.scala. Using presentation compiler with project's scala-library version: 3.3.8[0m
2026.09.03 16:14:19 INFO  no build target found for /home/bob_lenovo/riscv-isa-implementation/chisel/src/main/scala/alu.scala. Using presentation compiler with project's scala-library version: 3.3.8[0m
2026.09.03 16:14:19 INFO  no build target found for /home/bob_lenovo/riscv-isa-implementation/chisel/src/main/scala/alu.scala. Using presentation compiler with project's scala-library version: 3.3.8[0m
2026.09.03 16:14:19 INFO  no build target found for /home/bob_lenovo/riscv-isa-implementation/chisel/src/main/scala/alu.scala. Using presentation compiler with project's scala-library version: 3.3.8[0m
2026.09.03 16:14:20 INFO  no build target found for /home/bob_lenovo/riscv-isa-implementation/chisel/src/main/scala/alu.scala. Using presentation compiler with project's scala-library version: 3.3.8[0m
2026.09.03 16:14:20 INFO  no build target found for /home/bob_lenovo/riscv-isa-implementation/chisel/src/main/scala/alu.scala. Using presentation compiler with project's scala-library version: 3.3.8[0m
2026.09.03 16:14:20 INFO  no build target found for /home/bob_lenovo/riscv-isa-implementation/chisel/src/main/scala/alu.scala. Using presentation compiler with project's scala-library version: 3.3.8[0m
2026.09.03 16:14:20 INFO  no build target found for /home/bob_lenovo/riscv-isa-implementation/chisel/src/main/scala/alu.scala. Using presentation compiler with project's scala-library version: 3.3.8[0m
2026.09.03 16:14:20 INFO  no build target found for /home/bob_lenovo/riscv-isa-implementation/chisel/src/main/scala/alu.scala. Using presentation compiler with project's scala-library version: 3.3.8[0m
2026.09.03 16:14:20 INFO  no build target found for /home/bob_lenovo/riscv-isa-implementation/chisel/src/main/scala/alu.scala. Using presentation compiler with project's scala-library version: 3.3.8[0m
2026.09.03 16:14:20 INFO  no build target found for /home/bob_lenovo/riscv-isa-implementation/chisel/src/main/scala/alu.scala. Using presentation compiler with project's scala-library version: 3.3.8[0m
2026.09.03 16:14:20 INFO  no build target found for /home/bob_lenovo/riscv-isa-implementation/chisel/src/main/scala/alu.scala. Using presentation compiler with project's scala-library version: 3.3.8[0m
2026.09.03 16:14:20 INFO  no build target found for /home/bob_lenovo/riscv-isa-implementation/chisel/src/main/scala/alu.scala. Using presentation compiler with project's scala-library version: 3.3.8[0m
2026.09.03 16:14:20 INFO  no build target found for /home/bob_lenovo/riscv-isa-implementation/chisel/src/main/scala/alu.scala. Using presentation compiler with project's scala-library version: 3.3.8[0m
2026.09.03 16:14:20 INFO  no build target found for /home/bob_lenovo/riscv-isa-implementation/chisel/src/main/scala/alu.scala. Using presentation compiler with project's scala-library version: 3.3.8[0m
2026.09.03 16:14:20 INFO  no build target found for /home/bob_lenovo/riscv-isa-implementation/chisel/src/main/scala/alu.scala. Using presentation compiler with project's scala-library version: 3.3.8[0m
2026.09.03 16:14:20 INFO  no build target found for /home/bob_lenovo/riscv-isa-implementation/chisel/src/main/scala/alu.scala. Using presentation compiler with project's scala-library version: 3.3.8[0m
2026.09.03 16:14:21 INFO  no build target found for /home/bob_lenovo/riscv-isa-implementation/chisel/src/main/scala/alu.scala. Using presentation compiler with project's scala-library version: 3.3.8[0m
2026.09.03 16:14:21 INFO  no build target found for /home/bob_lenovo/riscv-isa-implementation/chisel/src/main/scala/alu.scala. Using presentation compiler with project's scala-library version: 3.3.8[0m
2026.09.03 16:14:21 INFO  no build target found for /home/bob_lenovo/riscv-isa-implementation/chisel/src/main/scala/alu.scala. Using presentation compiler with project's scala-library version: 3.3.8[0m
2026.09.03 16:14:21 INFO  no build target found for /home/bob_lenovo/riscv-isa-implementation/chisel/src/main/scala/alu.scala. Using presentation compiler with project's scala-library version: 3.3.8[0m
2026.09.03 16:14:21 INFO  no build target found for /home/bob_lenovo/riscv-isa-implementation/chisel/src/main/scala/alu.scala. Using presentation compiler with project's scala-library version: 3.3.8[0m
2026.09.03 16:14:21 INFO  no build target found for /home/bob_lenovo/riscv-isa-implementation/chisel/src/main/scala/alu.scala. Using presentation compiler with project's scala-library version: 3.3.8[0m
2026.09.03 16:14:21 INFO  no build target found for /home/bob_lenovo/riscv-isa-implementation/chisel/src/main/scala/alu.scala. Using presentation compiler with project's scala-library version: 3.3.8[0m
2026.09.03 16:14:21 INFO  no build target found for /home/bob_lenovo/riscv-isa-implementation/chisel/src/main/scala/alu.scala. Using presentation compiler with project's scala-library version: 3.3.8[0m
2026.09.03 16:14:21 INFO  no build target found for /home/bob_lenovo/riscv-isa-implementation/chisel/src/main/scala/alu.scala. Using presentation compiler with project's scala-library version: 3.3.8[0m
2026.09.03 16:14:22 INFO  no build target found for /home/bob_lenovo/riscv-isa-implementation/chisel/src/main/scala/alu.scala. Using presentation compiler with project's scala-library version: 3.3.8[0m
2026.09.03 16:14:23 WARN  no build target for: /home/bob_lenovo/riscv-isa-implementation/chisel/src/main/scala/alu.scala[0m
2026.09.03 16:14:23 INFO  no build target found for /home/bob_lenovo/riscv-isa-implementation/chisel/src/main/scala/alu.scala. Using presentation compiler with project's scala-library version: 3.3.8[0m
2026.09.03 16:14:23 INFO  no build target found for /home/bob_lenovo/riscv-isa-implementation/chisel/src/main/scala/alu.scala. Using presentation compiler with project's scala-library version: 3.3.8[0m
2026.09.03 16:14:23 INFO  no build target found for /home/bob_lenovo/riscv-isa-implementation/chisel/src/main/scala/alu.scala. Using presentation compiler with project's scala-library version: 3.3.8[0m
2026.09.03 16:14:23 INFO  no build target found for /home/bob_lenovo/riscv-isa-implementation/chisel/src/main/scala/alu.scala. Using presentation compiler with project's scala-library version: 3.3.8[0m
2026.09.03 16:14:23 INFO  no build target found for /home/bob_lenovo/riscv-isa-implementation/chisel/src/main/scala/alu.scala. Using presentation compiler with project's scala-library version: 3.3.8[0m
2026.09.03 16:14:23 INFO  no build target found for /home/bob_lenovo/riscv-isa-implementation/chisel/src/main/scala/alu.scala. Using presentation compiler with project's scala-library version: 3.3.8[0m
2026.09.03 16:14:23 INFO  no build target found for /home/bob_lenovo/riscv-isa-implementation/chisel/src/main/scala/alu.scala. Using presentation compiler with project's scala-library version: 3.3.8[0m
2026.09.03 16:14:23 INFO  no build target found for /home/bob_lenovo/riscv-isa-implementation/chisel/src/main/scala/alu.scala. Using presentation compiler with project's scala-library version: 3.3.8[0m
2026.09.03 16:14:23 INFO  no build target found for /home/bob_lenovo/riscv-isa-implementation/chisel/src/main/scala/alu.scala. Using presentation compiler with project's scala-library version: 3.3.8[0m
2026.09.03 16:14:24 INFO  no build target found for /home/bob_lenovo/riscv-isa-implementation/chisel/src/main/scala/alu.scala. Using presentation compiler with project's scala-library version: 3.3.8[0m
2026.09.03 16:14:24 INFO  no build target found for /home/bob_lenovo/riscv-isa-implementation/chisel/src/main/scala/alu.scala. Using presentation compiler with project's scala-library version: 3.3.8[0m
2026.09.03 16:14:24 INFO  no build target found for /home/bob_lenovo/riscv-isa-implementation/chisel/src/main/scala/alu.scala. Using presentation compiler with project's scala-library version: 3.3.8[0m
2026.09.03 16:14:24 INFO  no build target found for /home/bob_lenovo/riscv-isa-implementation/chisel/src/main/scala/alu.scala. Using presentation compiler with project's scala-library version: 3.3.8[0m
2026.09.03 16:14:24 INFO  no build target found for /home/bob_lenovo/riscv-isa-implementation/chisel/src/main/scala/alu.scala. Using presentation compiler with project's scala-library version: 3.3.8[0m
2026.09.03 16:14:24 INFO  no build target found for /home/bob_lenovo/riscv-isa-implementation/chisel/src/main/scala/alu.scala. Using presentation compiler with project's scala-library version: 3.3.8[0m
2026.09.03 16:14:24 INFO  no build target found for /home/bob_lenovo/riscv-isa-implementation/chisel/src/main/scala/alu.scala. Using presentation compiler with project's scala-library version: 3.3.8[0m
2026.09.03 16:14:24 INFO  no build target found for /home/bob_lenovo/riscv-isa-implementation/chisel/src/main/scala/alu.scala. Using presentation compiler with project's scala-library version: 3.3.8[0m
2026.09.03 16:14:24 INFO  no build target found for /home/bob_lenovo/riscv-isa-implementation/chisel/src/main/scala/alu.scala. Using presentation compiler with project's scala-library version: 3.3.8[0m
2026.09.03 16:14:24 INFO  no build target found for /home/bob_lenovo/riscv-isa-implementation/chisel/src/main/scala/alu.scala. Using presentation compiler with project's scala-library version: 3.3.8[0m
2026.09.03 16:14:24 INFO  no build target found for /home/bob_lenovo/riscv-isa-implementation/chisel/src/main/scala/alu.scala. Using presentation compiler with project's scala-library version: 3.3.8[0m
2026.09.03 16:14:24 INFO  no build target found for /home/bob_lenovo/riscv-isa-implementation/chisel/src/main/scala/alu.scala. Using presentation compiler with project's scala-library version: 3.3.8[0m
2026.09.03 16:14:25 INFO  no build target found for /home/bob_lenovo/riscv-isa-implementation/chisel/src/main/scala/alu.scala. Using presentation compiler with project's scala-library version: 3.3.8[0m
2026.09.03 16:14:25 INFO  no build target found for /home/bob_lenovo/riscv-isa-implementation/chisel/src/main/scala/alu.scala. Using presentation compiler with project's scala-library version: 3.3.8[0m
2026.09.03 16:14:25 INFO  no build target found for /home/bob_lenovo/riscv-isa-implementation/chisel/src/main/scala/alu.scala. Using presentation compiler with project's scala-library version: 3.3.8[0m
2026.09.03 16:14:25 INFO  no build target found for /home/bob_lenovo/riscv-isa-implementation/chisel/src/main/scala/alu.scala. Using presentation compiler with project's scala-library version: 3.3.8[0m
2026.09.03 16:14:25 INFO  no build target found for /home/bob_lenovo/riscv-isa-implementation/chisel/src/main/scala/alu.scala. Using presentation compiler with project's scala-library version: 3.3.8[0m
2026.09.03 16:14:25 INFO  no build target found for /home/bob_lenovo/riscv-isa-implementation/chisel/src/main/scala/alu.scala. Using presentation compiler with project's scala-library version: 3.3.8[0m
2026.09.03 16:14:25 INFO  no build target found for /home/bob_lenovo/riscv-isa-implementation/chisel/src/main/scala/alu.scala. Using presentation compiler with project's scala-library version: 3.3.8[0m
2026.09.03 16:14:25 INFO  no build target found for /home/bob_lenovo/riscv-isa-implementation/chisel/src/main/scala/alu.scala. Using presentation compiler with project's scala-library version: 3.3.8[0m
2026.09.03 16:14:25 INFO  no build target found for /home/bob_lenovo/riscv-isa-implementation/chisel/src/main/scala/alu.scala. Using presentation compiler with project's scala-library version: 3.3.8[0m
2026.09.03 16:14:25 INFO  no build target found for /home/bob_lenovo/riscv-isa-implementation/chisel/src/main/scala/alu.scala. Using presentation compiler with project's scala-library version: 3.3.8[0m
2026.09.03 16:14:25 INFO  no build target found for /home/bob_lenovo/riscv-isa-implementation/chisel/src/main/scala/alu.scala. Using presentation compiler with project's scala-library version: 3.3.8[0m
2026.09.03 16:14:25 INFO  no build target found for /home/bob_lenovo/riscv-isa-implementation/chisel/src/main/scala/alu.scala. Using presentation compiler with project's scala-library version: 3.3.8[0m
2026.09.03 16:14:26 INFO  no build target found for /home/bob_lenovo/riscv-isa-implementation/chisel/src/main/scala/alu.scala. Using presentation compiler with project's scala-library version: 3.3.8[0m
2026.09.03 16:14:26 WARN  no build target for: /home/bob_lenovo/riscv-isa-implementation/chisel/src/main/scala/alu.scala[0m
2026.09.03 16:14:26 INFO  no build target found for /home/bob_lenovo/riscv-isa-implementation/chisel/src/main/scala/alu.scala. Using presentation compiler with project's scala-library version: 3.3.8[0m
2026.09.03 16:14:27 INFO  no build target found for /home/bob_lenovo/riscv-isa-implementation/chisel/src/main/scala/alu.scala. Using presentation compiler with project's scala-library version: 3.3.8[0m
2026.09.03 16:14:27 INFO  no build target found for /home/bob_lenovo/riscv-isa-implementation/chisel/src/main/scala/alu.scala. Using presentation compiler with project's scala-library version: 3.3.8[0m
2026.09.03 16:14:27 INFO  no build target found for /home/bob_lenovo/riscv-isa-implementation/chisel/src/main/scala/alu.scala. Using presentation compiler with project's scala-library version: 3.3.8[0m
2026.09.03 16:14:27 INFO  no build target found for /home/bob_lenovo/riscv-isa-implementation/chisel/src/main/scala/alu.scala. Using presentation compiler with project's scala-library version: 3.3.8[0m
2026.09.03 16:14:27 INFO  no build target found for /home/bob_lenovo/riscv-isa-implementation/chisel/src/main/scala/alu.scala. Using presentation compiler with project's scala-library version: 3.3.8[0m
2026.09.03 16:14:27 INFO  no build target found for /home/bob_lenovo/riscv-isa-implementation/chisel/src/main/scala/alu.scala. Using presentation compiler with project's scala-library version: 3.3.8[0m
2026.09.03 16:14:27 INFO  no build target found for /home/bob_lenovo/riscv-isa-implementation/chisel/src/main/scala/alu.scala. Using presentation compiler with project's scala-library version: 3.3.8[0m
2026.09.03 16:14:27 INFO  no build target found for /home/bob_lenovo/riscv-isa-implementation/chisel/src/main/scala/alu.scala. Using presentation compiler with project's scala-library version: 3.3.8[0m
2026.09.03 16:14:27 INFO  no build target found for /home/bob_lenovo/riscv-isa-implementation/chisel/src/main/scala/alu.scala. Using presentation compiler with project's scala-library version: 3.3.8[0m
2026.09.03 16:14:28 INFO  no build target found for /home/bob_lenovo/riscv-isa-implementation/chisel/src/main/scala/alu.scala. Using presentation compiler with project's scala-library version: 3.3.8[0m
Sep 03, 2026 4:14:28 PM org.eclipse.lsp4j.jsonrpc.RemoteEndpoint handleCancellation
WARNING: Unmatched cancel notification for request id 969
2026.09.03 16:14:28 INFO  no build target found for /home/bob_lenovo/riscv-isa-implementation/chisel/src/main/scala/alu.scala. Using presentation compiler with project's scala-library version: 3.3.8[0m
2026.09.03 16:14:28 INFO  no build target found for /home/bob_lenovo/riscv-isa-implementation/chisel/src/main/scala/alu.scala. Using presentation compiler with project's scala-library version: 3.3.8[0m
2026.09.03 16:14:28 INFO  no build target found for /home/bob_lenovo/riscv-isa-implementation/chisel/src/main/scala/alu.scala. Using presentation compiler with project's scala-library version: 3.3.8[0m
2026.09.03 16:14:28 INFO  no build target found for /home/bob_lenovo/riscv-isa-implementation/chisel/src/main/scala/alu.scala. Using presentation compiler with project's scala-library version: 3.3.8[0m
2026.09.03 16:14:28 INFO  no build target found for /home/bob_lenovo/riscv-isa-implementation/chisel/src/main/scala/alu.scala. Using presentation compiler with project's scala-library version: 3.3.8[0m
2026.09.03 16:14:28 INFO  no build target found for /home/bob_lenovo/riscv-isa-implementation/chisel/src/main/scala/alu.scala. Using presentation compiler with project's scala-library version: 3.3.8[0m
2026.09.03 16:14:28 INFO  no build target found for /home/bob_lenovo/riscv-isa-implementation/chisel/src/main/scala/alu.scala. Using presentation compiler with project's scala-library version: 3.3.8[0m
2026.09.03 16:14:28 INFO  no build target found for /home/bob_lenovo/riscv-isa-implementation/chisel/src/main/scala/alu.scala. Using presentation compiler with project's scala-library version: 3.3.8[0m
2026.09.03 16:14:28 INFO  no build target found for /home/bob_lenovo/riscv-isa-implementation/chisel/src/main/scala/alu.scala. Using presentation compiler with project's scala-library version: 3.3.8[0m
2026.09.03 16:14:29 INFO  no build target found for /home/bob_lenovo/riscv-isa-implementation/chisel/src/main/scala/alu.scala. Using presentation compiler with project's scala-library version: 3.3.8[0m
2026.09.03 16:14:28 INFO  no build target found for /home/bob_lenovo/riscv-isa-implementation/chisel/src/main/scala/alu.scala. Using presentation compiler with project's scala-library version: 3.3.8[0m
2026.09.03 16:14:29 INFO  no build target found for /home/bob_lenovo/riscv-isa-implementation/chisel/src/main/scala/alu.scala. Using presentation compiler with project's scala-library version: 3.3.8[0m
2026.09.03 16:14:29 INFO  no build target found for /home/bob_lenovo/riscv-isa-implementation/chisel/src/main/scala/alu.scala. Using presentation compiler with project's scala-library version: 3.3.8[0m
2026.09.03 16:14:29 INFO  no build target found for /home/bob_lenovo/riscv-isa-implementation/chisel/src/main/scala/alu.scala. Using presentation compiler with project's scala-library version: 3.3.8[0m
2026.09.03 16:14:29 INFO  no build target found for /home/bob_lenovo/riscv-isa-implementation/chisel/src/main/scala/alu.scala. Using presentation compiler with project's scala-library version: 3.3.8[0m
2026.09.03 16:14:29 INFO  no build target found for /home/bob_lenovo/riscv-isa-implementation/chisel/src/main/scala/alu.scala. Using presentation compiler with project's scala-library version: 3.3.8[0m
2026.09.03 16:14:29 INFO  no build target found for /home/bob_lenovo/riscv-isa-implementation/chisel/src/main/scala/alu.scala. Using presentation compiler with project's scala-library version: 3.3.8[0m
2026.09.03 16:14:30 INFO  no build target found for /home/bob_lenovo/riscv-isa-implementation/chisel/src/main/scala/alu.scala. Using presentation compiler with project's scala-library version: 3.3.8[0m
2026.09.03 16:14:29 INFO  no build target found for /home/bob_lenovo/riscv-isa-implementation/chisel/src/main/scala/alu.scala. Using presentation compiler with project's scala-library version: 3.3.8[0m
2026.09.03 16:14:29 INFO  no build target found for /home/bob_lenovo/riscv-isa-implementation/chisel/src/main/scala/alu.scala. Using presentation compiler with project's scala-library version: 3.3.8[0m
2026.09.03 16:14:30 INFO  no build target found for /home/bob_lenovo/riscv-isa-implementation/chisel/src/main/scala/alu.scala. Using presentation compiler with project's scala-library version: 3.3.8[0m
2026.09.03 16:14:30 INFO  no build target found for /home/bob_lenovo/riscv-isa-implementation/chisel/src/main/scala/alu.scala. Using presentation compiler with project's scala-library version: 3.3.8[0m
2026.09.03 16:14:30 INFO  no build target found for /home/bob_lenovo/riscv-isa-implementation/chisel/src/main/scala/alu.scala. Using presentation compiler with project's scala-library version: 3.3.8[0m
2026.09.03 16:14:30 INFO  no build target found for /home/bob_lenovo/riscv-isa-implementation/chisel/src/main/scala/alu.scala. Using presentation compiler with project's scala-library version: 3.3.8[0m
2026.09.03 16:14:30 INFO  no build target found for /home/bob_lenovo/riscv-isa-implementation/chisel/src/main/scala/alu.scala. Using presentation compiler with project's scala-library version: 3.3.8[0m
2026.09.03 16:14:31 INFO  no build target found for /home/bob_lenovo/riscv-isa-implementation/chisel/src/main/scala/alu.scala. Using presentation compiler with project's scala-library version: 3.3.8[0m
2026.09.03 16:14:31 INFO  no build target found for /home/bob_lenovo/riscv-isa-implementation/chisel/src/main/scala/alu.scala. Using presentation compiler with project's scala-library version: 3.3.8[0m
2026.09.03 16:14:31 INFO  no build target found for /home/bob_lenovo/riscv-isa-implementation/chisel/src/main/scala/alu.scala. Using presentation compiler with project's scala-library version: 3.3.8[0m
2026.09.03 16:14:31 WARN  no build target for: /home/bob_lenovo/riscv-isa-implementation/chisel/src/main/scala/alu.scala[0m
2026.09.03 16:14:31 INFO  no build target found for /home/bob_lenovo/riscv-isa-implementation/chisel/src/main/scala/alu.scala. Using presentation compiler with project's scala-library version: 3.3.8[0m
2026.09.03 16:14:33 INFO  no build target found for /home/bob_lenovo/riscv-isa-implementation/chisel/src/main/scala/alu.scala. Using presentation compiler with project's scala-library version: 3.3.8[0m
2026.09.03 16:14:33 INFO  no build target found for /home/bob_lenovo/riscv-isa-implementation/chisel/src/main/scala/alu.scala. Using presentation compiler with project's scala-library version: 3.3.8[0m
2026.09.03 16:14:34 INFO  no build target found for /home/bob_lenovo/riscv-isa-implementation/chisel/src/main/scala/alu.scala. Using presentation compiler with project's scala-library version: 3.3.8[0m
2026.09.03 16:14:33 INFO  no build target found for /home/bob_lenovo/riscv-isa-implementation/chisel/src/main/scala/alu.scala. Using presentation compiler with project's scala-library version: 3.3.8[0m
2026.09.03 16:14:34 INFO  no build target found for /home/bob_lenovo/riscv-isa-implementation/chisel/src/main/scala/alu.scala. Using presentation compiler with project's scala-library version: 3.3.8[0m
2026.09.03 16:14:35 INFO  no build target found for /home/bob_lenovo/riscv-isa-implementation/chisel/src/main/scala/alu.scala. Using presentation compiler with project's scala-library version: 3.3.8[0m
2026.09.03 16:14:35 INFO  no build target found for /home/bob_lenovo/riscv-isa-implementation/chisel/src/main/scala/alu.scala. Using presentation compiler with project's scala-library version: 3.3.8[0m
2026.09.03 16:14:34 INFO  no build target found for /home/bob_lenovo/riscv-isa-implementation/chisel/src/main/scala/alu.scala. Using presentation compiler with project's scala-library version: 3.3.8[0m
2026.09.03 16:14:35 INFO  no build target found for /home/bob_lenovo/riscv-isa-implementation/chisel/src/main/scala/alu.scala. Using presentation compiler with project's scala-library version: 3.3.8[0m
2026.09.03 16:14:36 INFO  no build target found for /home/bob_lenovo/riscv-isa-implementation/chisel/src/main/scala/alu.scala. Using presentation compiler with project's scala-library version: 3.3.8[0m
2026.09.03 16:14:36 WARN  no build target for: /home/bob_lenovo/riscv-isa-implementation/chisel/src/main/scala/alu.scala[0m
2026.09.03 16:14:36 INFO  no build target found for /home/bob_lenovo/riscv-isa-implementation/chisel/src/main/scala/alu.scala. Using presentation compiler with project's scala-library version: 3.3.8[0m
2026.09.03 16:14:36 INFO  no build target found for /home/bob_lenovo/riscv-isa-implementation/chisel/src/main/scala/alu.scala. Using presentation compiler with project's scala-library version: 3.3.8[0m
2026.09.03 16:19:30 INFO  no build target found for /home/bob_lenovo/riscv-isa-implementation/chisel/src/main/scala/alu.scala. Using presentation compiler with project's scala-library version: 3.3.8[0m
2026.09.03 16:19:32 INFO  no build target found for /home/bob_lenovo/riscv-isa-implementation/chisel/src/main/scala/alu.scala. Using presentation compiler with project's scala-library version: 3.3.8[0m
2026.09.03 16:19:33 INFO  no build target found for /home/bob_lenovo/riscv-isa-implementation/chisel/src/main/scala/alu.scala. Using presentation compiler with project's scala-library version: 3.3.8[0m
2026.09.03 16:19:32 INFO  no build target found for /home/bob_lenovo/riscv-isa-implementation/chisel/src/main/scala/alu.scala. Using presentation compiler with project's scala-library version: 3.3.8[0m
2026.09.03 16:19:33 INFO  no build target found for /home/bob_lenovo/riscv-isa-implementation/chisel/src/main/scala/alu.scala. Using presentation compiler with project's scala-library version: 3.3.8[0m
2026.09.03 16:19:33 INFO  no build target found for /home/bob_lenovo/riscv-isa-implementation/chisel/src/main/scala/alu.scala. Using presentation compiler with project's scala-library version: 3.3.8[0m
2026.09.03 16:19:33 INFO  no build target found for /home/bob_lenovo/riscv-isa-implementation/chisel/src/main/scala/alu.scala. Using presentation compiler with project's scala-library version: 3.3.8[0m
2026.09.03 16:19:33 INFO  no build target found for /home/bob_lenovo/riscv-isa-implementation/chisel/src/main/scala/alu.scala. Using presentation compiler with project's scala-library version: 3.3.8[0m
2026.09.03 16:19:34 INFO  no build target found for /home/bob_lenovo/riscv-isa-implementation/chisel/src/main/scala/alu.scala. Using presentation compiler with project's scala-library version: 3.3.8[0m
2026.09.03 16:19:33 INFO  no build target found for /home/bob_lenovo/riscv-isa-implementation/chisel/src/main/scala/alu.scala. Using presentation compiler with project's scala-library version: 3.3.8[0m
2026.09.03 16:19:34 INFO  no build target found for /home/bob_lenovo/riscv-isa-implementation/chisel/src/main/scala/alu.scala. Using presentation compiler with project's scala-library version: 3.3.8[0m
2026.09.03 16:19:35 INFO  no build target found for /home/bob_lenovo/riscv-isa-implementation/chisel/src/main/scala/alu.scala. Using presentation compiler with project's scala-library version: 3.3.8[0m
2026.09.03 16:19:35 INFO  no build target found for /home/bob_lenovo/riscv-isa-implementation/chisel/src/main/scala/alu.scala. Using presentation compiler with project's scala-library version: 3.3.8[0m
2026.09.03 16:19:35 INFO  no build target found for /home/bob_lenovo/riscv-isa-implementation/chisel/src/main/scala/alu.scala. Using presentation compiler with project's scala-library version: 3.3.8[0m
2026.09.03 16:19:35 INFO  no build target found for /home/bob_lenovo/riscv-isa-implementation/chisel/src/main/scala/alu.scala. Using presentation compiler with project's scala-library version: 3.3.8[0m
2026.09.03 16:19:35 INFO  no build target found for /home/bob_lenovo/riscv-isa-implementation/chisel/src/main/scala/alu.scala. Using presentation compiler with project's scala-library version: 3.3.8[0m
2026.09.03 16:19:35 INFO  no build target found for /home/bob_lenovo/riscv-isa-implementation/chisel/src/main/scala/alu.scala. Using presentation compiler with project's scala-library version: 3.3.8[0m
2026.09.03 16:19:35 INFO  no build target found for /home/bob_lenovo/riscv-isa-implementation/chisel/src/main/scala/alu.scala. Using presentation compiler with project's scala-library version: 3.3.8[0m
2026.09.03 16:19:35 INFO  no build target found for /home/bob_lenovo/riscv-isa-implementation/chisel/src/main/scala/alu.scala. Using presentation compiler with project's scala-library version: 3.3.8[0m
2026.09.03 16:19:35 INFO  no build target found for /home/bob_lenovo/riscv-isa-implementation/chisel/src/main/scala/alu.scala. Using presentation compiler with project's scala-library version: 3.3.8[0m
2026.09.03 16:19:36 INFO  no build target found for /home/bob_lenovo/riscv-isa-implementation/chisel/src/main/scala/alu.scala. Using presentation compiler with project's scala-library version: 3.3.8[0m
2026.09.03 16:19:36 INFO  no build target found for /home/bob_lenovo/riscv-isa-implementation/chisel/src/main/scala/alu.scala. Using presentation compiler with project's scala-library version: 3.3.8[0m
2026.09.03 16:19:36 INFO  no build target found for /home/bob_lenovo/riscv-isa-implementation/chisel/src/main/scala/alu.scala. Using presentation compiler with project's scala-library version: 3.3.8[0m
2026.09.03 16:19:36 INFO  no build target found for /home/bob_lenovo/riscv-isa-implementation/chisel/src/main/scala/alu.scala. Using presentation compiler with project's scala-library version: 3.3.8[0m
2026.09.03 16:19:36 INFO  no build target found for /home/bob_lenovo/riscv-isa-implementation/chisel/src/main/scala/alu.scala. Using presentation compiler with project's scala-library version: 3.3.8[0m
2026.09.03 16:19:36 INFO  no build target found for /home/bob_lenovo/riscv-isa-implementation/chisel/src/main/scala/alu.scala. Using presentation compiler with project's scala-library version: 3.3.8[0m
2026.09.03 16:19:36 INFO  no build target found for /home/bob_lenovo/riscv-isa-implementation/chisel/src/main/scala/alu.scala. Using presentation compiler with project's scala-library version: 3.3.8[0m
2026.09.03 16:19:36 INFO  no build target found for /home/bob_lenovo/riscv-isa-implementation/chisel/src/main/scala/alu.scala. Using presentation compiler with project's scala-library version: 3.3.8[0m
2026.09.03 16:19:36 INFO  no build target found for /home/bob_lenovo/riscv-isa-implementation/chisel/src/main/scala/alu.scala. Using presentation compiler with project's scala-library version: 3.3.8[0m
2026.09.03 16:19:37 INFO  no build target found for /home/bob_lenovo/riscv-isa-implementation/chisel/src/main/scala/alu.scala. Using presentation compiler with project's scala-library version: 3.3.8[0m
2026.09.03 16:19:37 INFO  no build target found for /home/bob_lenovo/riscv-isa-implementation/chisel/src/main/scala/alu.scala. Using presentation compiler with project's scala-library version: 3.3.8[0m
2026.09.03 16:19:37 INFO  no build target found for /home/bob_lenovo/riscv-isa-implementation/chisel/src/main/scala/alu.scala. Using presentation compiler with project's scala-library version: 3.3.8[0m
2026.09.03 16:19:37 INFO  no build target found for /home/bob_lenovo/riscv-isa-implementation/chisel/src/main/scala/alu.scala. Using presentation compiler with project's scala-library version: 3.3.8[0m
2026.09.03 16:19:37 INFO  no build target found for /home/bob_lenovo/riscv-isa-implementation/chisel/src/main/scala/alu.scala. Using presentation compiler with project's scala-library version: 3.3.8[0m
2026.09.03 16:19:37 INFO  no build target found for /home/bob_lenovo/riscv-isa-implementation/chisel/src/main/scala/alu.scala. Using presentation compiler with project's scala-library version: 3.3.8[0m
2026.09.03 16:19:37 INFO  no build target found for /home/bob_lenovo/riscv-isa-implementation/chisel/src/main/scala/alu.scala. Using presentation compiler with project's scala-library version: 3.3.8[0m
2026.09.03 16:19:38 INFO  no build target found for /home/bob_lenovo/riscv-isa-implementation/chisel/src/main/scala/alu.scala. Using presentation compiler with project's scala-library version: 3.3.8[0m
2026.09.03 16:19:38 INFO  no build target found for /home/bob_lenovo/riscv-isa-implementation/chisel/src/main/scala/alu.scala. Using presentation compiler with project's scala-library version: 3.3.8[0m
2026.09.03 16:19:38 INFO  no build target found for /home/bob_lenovo/riscv-isa-implementation/chisel/src/main/scala/alu.scala. Using presentation compiler with project's scala-library version: 3.3.8[0m
2026.09.03 16:19:39 INFO  no build target found for /home/bob_lenovo/riscv-isa-implementation/chisel/src/main/scala/alu.scala. Using presentation compiler with project's scala-library version: 3.3.8[0m
2026.09.03 16:19:38 INFO  no build target found for /home/bob_lenovo/riscv-isa-implementation/chisel/src/main/scala/alu.scala. Using presentation compiler with project's scala-library version: 3.3.8[0m
2026.09.03 16:19:38 INFO  no build target found for /home/bob_lenovo/riscv-isa-implementation/chisel/src/main/scala/alu.scala. Using presentation compiler with project's scala-library version: 3.3.8[0m
2026.09.03 16:19:39 INFO  no build target found for /home/bob_lenovo/riscv-isa-implementation/chisel/src/main/scala/alu.scala. Using presentation compiler with project's scala-library version: 3.3.8[0m
2026.09.03 16:19:39 INFO  no build target found for /home/bob_lenovo/riscv-isa-implementation/chisel/src/main/scala/alu.scala. Using presentation compiler with project's scala-library version: 3.3.8[0m
2026.09.03 16:19:40 INFO  no build target found for /home/bob_lenovo/riscv-isa-implementation/chisel/src/main/scala/alu.scala. Using presentation compiler with project's scala-library version: 3.3.8[0m
2026.09.03 16:19:40 WARN  no build target for: /home/bob_lenovo/riscv-isa-implementation/chisel/src/main/scala/alu.scala[0m
2026.09.03 16:19:40 INFO  no build target found for /home/bob_lenovo/riscv-isa-implementation/chisel/src/main/scala/alu.scala. Using presentation compiler with project's scala-library version: 3.3.8[0m
2026.09.03 16:19:41 INFO  no build target found for /home/bob_lenovo/riscv-isa-implementation/chisel/src/main/scala/alu.scala. Using presentation compiler with project's scala-library version: 3.3.8[0m
2026.09.03 16:19:41 INFO  no build target found for /home/bob_lenovo/riscv-isa-implementation/chisel/src/main/scala/alu.scala. Using presentation compiler with project's scala-library version: 3.3.8[0m
2026.09.03 16:19:41 INFO  no build target found for /home/bob_lenovo/riscv-isa-implementation/chisel/src/main/scala/alu.scala. Using presentation compiler with project's scala-library version: 3.3.8[0m
2026.09.03 16:19:41 INFO  no build target found for /home/bob_lenovo/riscv-isa-implementation/chisel/src/main/scala/alu.scala. Using presentation compiler with project's scala-library version: 3.3.8[0m
2026.09.03 16:19:41 INFO  no build target found for /home/bob_lenovo/riscv-isa-implementation/chisel/src/main/scala/alu.scala. Using presentation compiler with project's scala-library version: 3.3.8[0m
2026.09.03 16:19:41 INFO  no build target found for /home/bob_lenovo/riscv-isa-implementation/chisel/src/main/scala/alu.scala. Using presentation compiler with project's scala-library version: 3.3.8[0m
2026.09.03 16:19:41 INFO  no build target found for /home/bob_lenovo/riscv-isa-implementation/chisel/src/main/scala/alu.scala. Using presentation compiler with project's scala-library version: 3.3.8[0m
2026.09.03 16:19:41 INFO  no build target found for /home/bob_lenovo/riscv-isa-implementation/chisel/src/main/scala/alu.scala. Using presentation compiler with project's scala-library version: 3.3.8[0m
2026.09.03 16:19:42 INFO  no build target found for /home/bob_lenovo/riscv-isa-implementation/chisel/src/main/scala/alu.scala. Using presentation compiler with project's scala-library version: 3.3.8[0m
2026.09.03 16:19:42 INFO  no build target found for /home/bob_lenovo/riscv-isa-implementation/chisel/src/main/scala/alu.scala. Using presentation compiler with project's scala-library version: 3.3.8[0m
2026.09.03 16:19:43 INFO  no build target found for /home/bob_lenovo/riscv-isa-implementation/chisel/src/main/scala/alu.scala. Using presentation compiler with project's scala-library version: 3.3.8[0m
2026.09.03 16:19:43 INFO  no build target found for /home/bob_lenovo/riscv-isa-implementation/chisel/src/main/scala/alu.scala. Using presentation compiler with project's scala-library version: 3.3.8[0m
2026.09.03 16:19:43 INFO  no build target found for /home/bob_lenovo/riscv-isa-implementation/chisel/src/main/scala/alu.scala. Using presentation compiler with project's scala-library version: 3.3.8[0m
2026.09.03 16:19:43 INFO  no build target found for /home/bob_lenovo/riscv-isa-implementation/chisel/src/main/scala/alu.scala. Using presentation compiler with project's scala-library version: 3.3.8[0m
2026.09.03 16:19:43 INFO  no build target found for /home/bob_lenovo/riscv-isa-implementation/chisel/src/main/scala/alu.scala. Using presentation compiler with project's scala-library version: 3.3.8[0m
2026.09.03 16:19:43 INFO  no build target found for /home/bob_lenovo/riscv-isa-implementation/chisel/src/main/scala/alu.scala. Using presentation compiler with project's scala-library version: 3.3.8[0m
2026.09.03 16:19:43 INFO  no build target found for /home/bob_lenovo/riscv-isa-implementation/chisel/src/main/scala/alu.scala. Using presentation compiler with project's scala-library version: 3.3.8[0m
2026.09.03 16:19:43 INFO  no build target found for /home/bob_lenovo/riscv-isa-implementation/chisel/src/main/scala/alu.scala. Using presentation compiler with project's scala-library version: 3.3.8[0m
2026.09.03 16:19:43 INFO  no build target found for /home/bob_lenovo/riscv-isa-implementation/chisel/src/main/scala/alu.scala. Using presentation compiler with project's scala-library version: 3.3.8[0m
2026.09.03 16:19:43 INFO  no build target found for /home/bob_lenovo/riscv-isa-implementation/chisel/src/main/scala/alu.scala. Using presentation compiler with project's scala-library version: 3.3.8[0m
2026.09.03 16:19:43 INFO  no build target found for /home/bob_lenovo/riscv-isa-implementation/chisel/src/main/scala/alu.scala. Using presentation compiler with project's scala-library version: 3.3.8[0m
2026.09.03 16:19:43 INFO  no build target found for /home/bob_lenovo/riscv-isa-implementation/chisel/src/main/scala/alu.scala. Using presentation compiler with project's scala-library version: 3.3.8[0m
2026.09.03 16:19:43 INFO  no build target found for /home/bob_lenovo/riscv-isa-implementation/chisel/src/main/scala/alu.scala. Using presentation compiler with project's scala-library version: 3.3.8[0m
2026.09.03 16:19:43 INFO  no build target found for /home/bob_lenovo/riscv-isa-implementation/chisel/src/main/scala/alu.scala. Using presentation compiler with project's scala-library version: 3.3.8[0m
2026.09.03 16:19:43 INFO  no build target found for /home/bob_lenovo/riscv-isa-implementation/chisel/src/main/scala/alu.scala. Using presentation compiler with project's scala-library version: 3.3.8[0m
2026.09.03 16:19:44 INFO  no build target found for /home/bob_lenovo/riscv-isa-implementation/chisel/src/main/scala/alu.scala. Using presentation compiler with project's scala-library version: 3.3.8[0m
2026.09.03 16:19:44 INFO  no build target found for /home/bob_lenovo/riscv-isa-implementation/chisel/src/main/scala/alu.scala. Using presentation compiler with project's scala-library version: 3.3.8[0m
2026.09.03 16:19:44 INFO  no build target found for /home/bob_lenovo/riscv-isa-implementation/chisel/src/main/scala/alu.scala. Using presentation compiler with project's scala-library version: 3.3.8[0m
2026.09.03 16:19:44 INFO  no build target found for /home/bob_lenovo/riscv-isa-implementation/chisel/src/main/scala/alu.scala. Using presentation compiler with project's scala-library version: 3.3.8[0m
2026.09.03 16:19:44 INFO  no build target found for /home/bob_lenovo/riscv-isa-implementation/chisel/src/main/scala/alu.scala. Using presentation compiler with project's scala-library version: 3.3.8[0m
2026.09.03 16:19:44 INFO  no build target found for /home/bob_lenovo/riscv-isa-implementation/chisel/src/main/scala/alu.scala. Using presentation compiler with project's scala-library version: 3.3.8[0m
2026.09.03 16:19:44 INFO  no build target found for /home/bob_lenovo/riscv-isa-implementation/chisel/src/main/scala/alu.scala. Using presentation compiler with project's scala-library version: 3.3.8[0m
2026.09.03 16:19:45 INFO  no build target found for /home/bob_lenovo/riscv-isa-implementation/chisel/src/main/scala/alu.scala. Using presentation compiler with project's scala-library version: 3.3.8[0m
2026.09.03 16:19:44 INFO  no build target found for /home/bob_lenovo/riscv-isa-implementation/chisel/src/main/scala/alu.scala. Using presentation compiler with project's scala-library version: 3.3.8[0m
2026.09.03 16:19:44 INFO  no build target found for /home/bob_lenovo/riscv-isa-implementation/chisel/src/main/scala/alu.scala. Using presentation compiler with project's scala-library version: 3.3.8[0m
2026.09.03 16:19:45 INFO  no build target found for /home/bob_lenovo/riscv-isa-implementation/chisel/src/main/scala/alu.scala. Using presentation compiler with project's scala-library version: 3.3.8[0m
2026.09.03 16:19:46 WARN  no build target for: /home/bob_lenovo/riscv-isa-implementation/chisel/src/main/scala/alu.scala[0m
2026.09.03 16:19:46 INFO  no build target found for /home/bob_lenovo/riscv-isa-implementation/chisel/src/main/scala/alu.scala. Using presentation compiler with project's scala-library version: 3.3.8[0m
2026.09.03 16:19:46 INFO  no build target found for /home/bob_lenovo/riscv-isa-implementation/chisel/src/main/scala/alu.scala. Using presentation compiler with project's scala-library version: 3.3.8[0m
2026.09.03 16:19:47 INFO  no build target found for /home/bob_lenovo/riscv-isa-implementation/chisel/src/main/scala/alu.scala. Using presentation compiler with project's scala-library version: 3.3.8[0m
2026.09.03 16:19:48 INFO  no build target found for /home/bob_lenovo/riscv-isa-implementation/chisel/src/main/scala/alu.scala. Using presentation compiler with project's scala-library version: 3.3.8[0m
2026.09.03 16:19:47 INFO  no build target found for /home/bob_lenovo/riscv-isa-implementation/chisel/src/main/scala/alu.scala. Using presentation compiler with project's scala-library version: 3.3.8[0m
2026.09.03 16:19:48 INFO  no build target found for /home/bob_lenovo/riscv-isa-implementation/chisel/src/main/scala/alu.scala. Using presentation compiler with project's scala-library version: 3.3.8[0m
2026.09.03 16:19:49 WARN  no build target for: /home/bob_lenovo/riscv-isa-implementation/chisel/src/main/scala/alu.scala[0m
2026.09.03 16:19:49 INFO  no build target found for /home/bob_lenovo/riscv-isa-implementation/chisel/src/main/scala/alu.scala. Using presentation compiler with project's scala-library version: 3.3.8[0m
2026.09.03 16:19:49 INFO  no build target found for /home/bob_lenovo/riscv-isa-implementation/chisel/src/main/scala/alu.scala. Using presentation compiler with project's scala-library version: 3.3.8[0m
2026.09.03 16:19:49 INFO  no build target found for /home/bob_lenovo/riscv-isa-implementation/chisel/src/main/scala/alu.scala. Using presentation compiler with project's scala-library version: 3.3.8[0m
2026.09.03 16:19:49 INFO  no build target found for /home/bob_lenovo/riscv-isa-implementation/chisel/src/main/scala/alu.scala. Using presentation compiler with project's scala-library version: 3.3.8[0m
2026.09.03 16:19:50 INFO  no build target found for /home/bob_lenovo/riscv-isa-implementation/chisel/src/main/scala/alu.scala. Using presentation compiler with project's scala-library version: 3.3.8[0m
2026.09.03 16:19:50 WARN  no build target for: /home/bob_lenovo/riscv-isa-implementation/chisel/src/main/scala/alu.scala[0m
2026.09.03 16:19:50 INFO  no build target found for /home/bob_lenovo/riscv-isa-implementation/chisel/src/main/scala/alu.scala. Using presentation compiler with project's scala-library version: 3.3.8[0m
2026.09.03 16:26:03 INFO  no build target found for /home/bob_lenovo/riscv-isa-implementation/chisel/src/main/scala/alu.scala. Using presentation compiler with project's scala-library version: 3.3.8[0m
Sep 03, 2026 4:26:06 PM org.eclipse.lsp4j.jsonrpc.services.GenericEndpoint notify
INFO: Unsupported notification method: $/setTrace
2026.09.03 16:26:06 INFO  no build target found for /home/bob_lenovo/riscv-isa-implementation/chisel/src/main/scala/alu.scala. Using presentation compiler with project's scala-library version: 3.3.8[0m
Sep 03, 2026 4:26:07 PM org.eclipse.lsp4j.jsonrpc.services.GenericEndpoint notify
INFO: Unsupported notification method: $/setTrace
2026.09.03 16:26:06 INFO  no build target found for /home/bob_lenovo/riscv-isa-implementation/chisel/src/main/scala/alu.scala. Using presentation compiler with project's scala-library version: 3.3.8[0m
